Symbol,name,Sector,Total ESG Risk score,Environment Risk Score,Social Risk Score,Governance Risk Score,Controversy Level,Controversy Score,ESG Risk Percentile,ESG Risk Level,Price,Price/Earnings,Dividend Yield,Earnings/Share,Market Cap,EBITDA,Price/Sales,Price/Book,debt_to_equity,roe,risk_flag
EMN,Eastman Chemical Company,Basic Materials,25.3,12.8,5.8,6.6,Moderate Controversy Level,2.0,50th percentile,Medium,93.57,12.28,2.2630835,10.12,14226830813.0,2152000000.0,1.4904785,2.78,4.17,10.815432296676285,1
DVA,Davita Inc.,Healthcare,22.6,0.1,14.1,8.4,Moderate Controversy Level,2.0,38th percentile,Medium,71.91,20.55,0.0,4.3,13685178000.0,2252294000.0,1.1451397,2.79,4.1850000000000005,5.979696843276318,1
DRI,"Darden Restaurants, Inc.",Consumer Cyclical,27.5,7.9,15.0,4.6,Moderate Controversy Level,2.0,59th percentile,Medium,91.33,22.72,2.6503997,3.81,11745595320.0,997600000.0,1.5278828,5.89,8.834999999999999,4.171685097996277,1
ZTS,Zoetis Inc.,Healthcare,18.8,3.2,6.8,8.7,Moderate Controversy Level,2.0,23rd percentile,Low,71.51,32.8,0.68237203,1.65,35991109776.0,1734000000.0,9.280896,18.09,27.134999999999998,2.30736959865753,0
ZBH,"Zimmer Biomet Holdings, Inc.",Healthcare,26.0,3.6,14.5,7.9,Moderate Controversy Level,2.0,53rd percentile,Medium,115.53,14.32,0.7948336,9.01,24454698119.0,2007400000.0,3.1648953,2.39,3.585,7.798840128105254,1
YUM,"Yum! Brands, Inc.",Consumer Cyclical,20.1,4.5,11.4,4.1,Moderate Controversy Level,2.0,28th percentile,Medium,76.3,27.25,1.7970798,4.07,27003303098.0,2289000000.0,6.3136363,212.08,318.12,5.334207077326344,1
XYL,Xylem Inc,Industrials,18.1,4.3,8.7,5.2,Low Controversy Level,1.0,21st percentile,Low,70.24,30.94,1.1700794,1.83,12915021000.0,722000000.0,2.7262094,5.31,7.965,2.605353075170843,0
XEL,"Xcel Energy, Inc.",Utilities,26.5,12.7,9.3,4.5,Moderate Controversy Level,2.0,55th percentile,Medium,42.44,18.14,3.3914273,2.21,21559611927.0,3885828000.0,2.520456,1.94,2.91,5.207351555136664,1
WYNN,Wynn Resorts Ltd,Consumer Cyclical,25.7,3.4,11.8,10.6,Moderate Controversy Level,2.0,52nd percentile,Medium,169.28,31.7,1.1279043,7.27,18225400525.0,1501301000.0,2.478658,51.69,77.535,4.2946597353497165,1
WMB,Williams Companies Inc.,Energy,21.8,8.7,10.1,3.0,Moderate Controversy Level,2.0,35th percentile,Medium,28.56,48.41,4.0,-0.57,24802396470.0,3955000000.0,4.2982845,3.01,4.515,-1.9957983193277309,1
WY,Weyerhaeuser Company,Real Estate,16.7,9.1,4.2,3.5,Moderate Controversy Level,2.0,16th percentile,Low,33.6,34.29,3.7079954,0.77,26070297960.0,1365000000.0,3.6396794,2.9,4.35,2.2916666666666665,0
WRK,Westrock Company,Consumer Cyclical,21.53372093023256,,,,,,,Medium,60.93,23.26,2.6699784,2.77,16433340688.0,2262300000.0,1.075785,1.58,2.37,4.546200558017397,1
WDC,Western Digital Corp.,Technology,11.4,1.5,3.9,6.1,Moderate Controversy Level,2.0,4th percentile,Low,80.09,10.19,2.389201,1.29,24760297793.0,5169000000.0,1.245503,2.0,3.0,1.6106879760269694,0
WFC,Wells Fargo & Co.,Financial Services,36.2,2.0,14.8,19.4,Severe Controversy Level,5.0,87th percentile,High,55.4,13.58,2.7111576,4.07,281463620775.0,0.0,2.8728192,1.58,2.37,7.346570397111914,1
WEC,"Wec Energy Group, Inc.",Utilities,27.5,13.4,9.0,5.1,Low Controversy Level,1.0,59th percentile,Medium,59.5,19.57,3.691948,3.79,18890296993.0,2736500000.0,2.4834197,2.1,3.1500000000000004,6.369747899159664,1
WAT,Waters Corp,Healthcare,14.6,1.4,8.2,5.1,None Controversy Level,,10th percentile,Low,191.79,26.64,0.0,0.19,16064078572.0,773932000.0,6.9824114,6.15,9.225000000000001,0.09906668752281142,0
WM,"Waste Management, Inc.",Industrials,16.6,8.1,5.2,3.3,Moderate Controversy Level,2.0,16th percentile,Low,79.12,25.36,2.0800195,2.66,35488486675.0,3896000000.0,3.2787669,6.73,10.095,3.3619817997977752,0
WMT,Walmart Inc.,Consumer Defensive,25.3,5.9,12.4,7.1,Significant Controversy Level,3.0,50th percentile,Medium,100.02,23.1,1.983471,4.39,304680931618.0,30721000000.0,0.82099426,3.89,5.835,4.3891221755648875,1
WBA,"Walgreens Boots Alliance, Inc",Healthcare,16.3,1.8,9.3,5.2,Significant Controversy Level,3.0,15th percentile,Low,68.22,13.38,2.2368238,3.78,70862541911.0,7083000000.0,0.5904388,3.06,4.59,5.540897097625329,0
GWW,"W.W. Grainger, Inc.",Industrials,16.0,4.5,5.6,5.9,Moderate Controversy Level,2.0,14th percentile,Low,258.6,22.57,1.9700643,10.02,14639308205.0,1279846000.0,1.3995146,8.1,12.149999999999999,3.8747099767981434,0
VMC,Vulcan Materials Company,Basic Materials,29.3,13.4,6.8,9.1,Moderate Controversy Level,2.0,66th percentile,Medium,121.47,40.9,0.7797879,3.1,16964162228.0,970976000.0,5.7576876,3.54,5.3100000000000005,2.552070470074916,1
V,Visa Inc.,Financial Services,16.7,1.8,8.2,6.7,Significant Controversy Level,3.0,16th percentile,Low,113.86,32.72,0.70204765,2.8,270038723213.0,13086000000.0,14.433654,9.4,14.100000000000001,2.4591603723871422,0
VRTX,Vertex Pharmaceuticals Inc,Healthcare,22.7,0.8,15.4,6.6,Moderate Controversy Level,2.0,39th percentile,Medium,151.6,252.67,0.0,1.04,39369386348.0,97562000.0,16.185404,21.91,32.865,0.6860158311345647,1
VZ,Verizon Communications,Communication Services,18.7,3.7,9.6,5.4,Significant Controversy Level,3.0,23rd percentile,Low,49.04,13.08,4.626544,7.36,208092277044.0,45745000000.0,1.6452544,7.96,11.94,15.00815660685155,0
VRSK,"Verisk Analytics, Inc.",Industrials,17.5,0.1,12.5,5.0,Low Controversy Level,1.0,19th percentile,Low,92.28,28.84,0.0,3.45,15594677147.0,1011200000.0,9.935474,9.34,14.01,3.738621586475943,0
VRSN,Verisign Inc,Technology,21.3,4.7,10.8,5.8,Low Controversy Level,1.0,33rd percentile,Medium,105.62,29.5,0.0,3.43,10754983829.0,767864000.0,12.401829,10.82,16.23,3.247491005491384,1
VTR,"Ventas, Inc.",Real Estate,12.9,3.4,3.9,5.6,None Controversy Level,,6th percentile,Low,50.92,12.21,5.965641,1.86,18865999082.0,1935931000.0,7.0740495,1.76,2.64,3.652788688138256,0
VLO,Valero Energy Corporation,Energy,32.6,20.1,7.4,5.0,Moderate Controversy Level,2.0,77th percentile,High,86.77,18.74,3.5618877,9.24,39312309113.0,5401000000.0,0.4211918,1.93,2.895,10.648841765587186,1
UHS,"Universal Health Services, Inc. Class B",Healthcare,33.0,3.7,20.7,8.6,Significant Controversy Level,3.0,78th percentile,High,114.87,15.36,0.34153005,7.14,11116075286.0,1676204000.0,1.3158662,2.21,3.315,6.215722120658135,1
UNH,Unitedhealth Group Incorporated,Healthcare,15.3,0.0,9.7,5.6,Significant Controversy Level,3.0,12th percentile,Low,216.46,21.47,1.3284917,10.71,218834811333.0,17454000000.0,1.0903316,4.71,7.0649999999999995,4.9477963596045464,0
URI,"United Rentals, Inc.",Industrials,16.9,5.3,6.1,5.4,Low Controversy Level,1.0,17th percentile,Low,161.99,16.33,0.0,15.72,14654954091.0,2760000000.0,2.1782618,4.53,6.795,9.704302734736713,0
UPS,"United Parcel Service, Inc. Class B",Industrials,18.6,4.2,8.9,5.5,Moderate Controversy Level,2.0,23rd percentile,Low,109.28,18.27,2.9666696,5.62,96436356833.0,7919000000.0,1.4744618,64.7,97.05000000000001,5.142752562225476,0
UAL,"United Airlines Holdings, Inc.",Industrials,28.6,10.8,12.8,5.0,Moderate Controversy Level,2.0,64th percentile,Medium,63.37,8.85,0.0,7.05,19363059152.0,5929000000.0,0.5020496,2.09,3.135,11.125138077954869,1
UNP,Union Pacific Corp.,Industrials,23.5,7.3,10.6,5.6,Moderate Controversy Level,2.0,42nd percentile,Medium,124.86,22.06,2.062655,13.52,101513290382.0,10169000000.0,4.8605075,,,10.82812750280314,1
ULTA,"Ulta Beauty, Inc.",Consumer Cyclical,15.6,4.1,7.3,4.3,Moderate Controversy Level,2.0,13th percentile,Low,209.09,32.07,0.0,6.52,13300000127.0,1002093000.0,3.3779113,8.04,12.059999999999999,3.1182744272801184,0
UDR,"Udr, Inc.",Real Estate,13.9,3.7,3.9,6.3,Low Controversy Level,1.0,9th percentile,Low,32.92,17.79,3.668639,1.08,9050154422.0,665141000.0,12.365829,3.27,4.905,3.2806804374240586,0
USB,U.S. Bancorp,Financial Services,30.3,1.8,15.5,13.0,Significant Controversy Level,3.0,70th percentile,High,52.65,15.35,2.189781,3.52,90940115897.0,0.0,3.7773547,2.09,3.135,6.685660018993353,1
TSN,"Tyson Foods, Inc.",Consumer Defensive,35.9,14.0,12.4,9.5,High Controversy Level,4.0,85th percentile,High,73.92,13.92,1.6353229,4.79,26957526800.0,2521000000.0,0.93730986,2.55,3.8249999999999997,6.479978354978355,1
TDG,Transdigm Group Incorporated,Industrials,38.7,12.0,17.7,9.0,Moderate Controversy Level,2.0,90th percentile,High,283.0,23.76,0.0,7.92,15241203731.0,1635916000.0,4.268832,,,2.7985865724381624,1
TSCO,Tractor Supply Co,Consumer Cyclical,16.1,3.4,8.2,4.5,Moderate Controversy Level,2.0,14th percentile,Low,65.94,19.57,1.6030874,3.3,8459271203.0,859519000.0,1.1642125,6.01,9.015,5.004549590536852,0
TJX,"Tjx Companies, Inc.",Consumer Cyclical,14.4,1.9,7.7,4.8,Moderate Controversy Level,2.0,10th percentile,Low,74.36,21.01,1.64042,3.46,48181450881.0,4600216000.0,1.9293598,10.35,15.524999999999999,4.653039268423884,0
TMO,"Thermo Fisher Scientific, Inc.",Healthcare,12.8,1.4,4.9,6.5,Significant Controversy Level,3.0,6th percentile,Low,198.73,21.84,0.3276319,5.6,83226586345.0,4751300000.0,4.015666,3.38,5.07,2.8178936245156745,0
DIS,The Walt Disney Company,Communication Services,15.7,0.0,9.0,6.7,Moderate Controversy Level,2.0,13th percentile,Low,101.35,17.78,1.6036655,5.7,157817273295.0,12544000000.0,3.9635563,3.82,5.7299999999999995,5.624074987666503,0
TRV,"The Travelers Companies, Inc.",Financial Services,20.3,1.0,9.3,10.0,Low Controversy Level,1.0,29th percentile,Medium,135.01,16.48,2.0261714,7.31,38903131815.0,0.0,1.33382,1.63,2.445,5.414413747129842,1
SO,The Southern Company,Utilities,33.0,14.7,11.0,7.3,Moderate Controversy Level,2.0,78th percentile,High,43.4,15.78,5.3530226,2.53,43497224128.0,6012000000.0,2.5080602,1.82,2.73,5.829493087557604,1
SHW,The Sherwin-Williams Company,Basic Materials,29.4,14.3,9.2,5.8,Moderate Controversy Level,2.0,66th percentile,Medium,387.65,26.75,0.8426688,18.61,37730994828.0,2160668000.0,2.5276077,13.42,20.13,4.800722301044757,1
MOS,The Mosaic Company,Basic Materials,33.5,13.9,11.1,8.6,Moderate Controversy Level,2.0,80th percentile,High,24.13,23.66,0.3960396,0.85,9726962131.0,1165100000.0,1.8161958,0.94,1.41,3.5225859925404066,1
KR,The Kroger Co.,Consumer Defensive,21.3,6.6,9.1,5.6,Significant Controversy Level,3.0,33rd percentile,Medium,27.57,13.07,1.7301039,2.05,25471355847.0,5342000000.0,0.27961263,4.02,6.029999999999999,7.435618425825171,1
KHC,The Kraft Heinz Company,Consumer Defensive,33.7,13.5,14.1,6.2,Significant Controversy Level,3.0,80th percentile,High,71.58,20.11,3.3990483,2.81,89618309338.0,7832000000.0,4.6780853,1.54,2.31,3.925677563565242,1
SJM,The J.M. Smucker Company,Consumer Defensive,30.5,12.9,12.0,5.6,Moderate Controversy Level,2.0,71st percentile,High,118.37,15.35,2.6036885,5.1,13612394896.0,1411300000.0,2.496677,1.88,2.82,4.308524119286981,1
IPG,"The Interpublic Group of Companies, Inc.",Communication Services,10.3,0.0,5.0,5.3,Low Controversy Level,1.0,3rd percentile,Low,21.34,15.46,3.3802817,1.49,8277363031.0,1074900000.0,1.4712903,4.01,6.015,6.982193064667292,0
HSY,The Hershey Company,Consumer Defensive,26.0,10.5,10.4,5.1,Significant Controversy Level,3.0,53rd percentile,Medium,97.65,20.51,2.6494346,3.66,20867272020.0,1404123000.0,2.8396711,25.64,38.46,3.748079877112135,1
HIG,"The Hartford Financial Services Group, Inc.",Financial Services,16.6,1.8,7.2,7.6,Low Controversy Level,1.0,16th percentile,Low,53.34,14.34,1.7901897,2.27,19926305632.0,0.0,1.3939538,1.15,1.7249999999999999,4.255718035245594,0
EL,The Estee Lauder Companies Inc. Class A,Consumer Defensive,25.5,6.9,11.1,7.5,Moderate Controversy Level,2.0,51st percentile,Medium,131.46,37.78,1.1283498,3.35,49543264457.0,2478000000.0,3.9522583,10.82,16.23,2.548303666514529,1
COO,"The Cooper Companies, Inc.",Healthcare,17.5,2.7,8.8,6.0,Moderate Controversy Level,2.0,19th percentile,Low,223.17,22.96,0.026033757,7.52,11297958140.0,615700000.0,6.8538465,3.57,5.3549999999999995,3.3696285343012056,0
CI,The Cigna Group,Healthcare,11.6,0.0,6.0,5.7,Moderate Controversy Level,2.0,3rd percentile,Low,189.27,18.11,0.020466639,7.2,47680910480.0,0.0,1.550762,3.39,5.085,3.8040893961008084,0
SCHW,The Charles Schwab Corporation,Financial Services,23.3,2.4,8.9,11.9,Moderate Controversy Level,2.0,41st percentile,Medium,48.9,29.82,0.76878726,1.61,69750188843.0,0.0,7.949615,4.51,6.765,3.2924335378323106,1
ALL,The Allstate Corporation,Financial Services,22.0,1.0,10.1,10.9,Moderate Controversy Level,2.0,36th percentile,Medium,90.06,13.26,1.5278208,4.68,34759468905.0,0.0,1.2085556,1.67,2.505,5.196535642904729,1
TXT,"Textron, Inc.",Industrials,33.6,10.9,16.1,6.6,Moderate Controversy Level,2.0,80th percentile,High,55.54,22.13,0.1381454,1.14,15254672353.0,1454000000.0,1.0645695,2.57,3.8549999999999995,2.052574720921858,1
TXN,Texas Instruments Incorporated,Technology,20.6,7.8,6.0,6.9,Moderate Controversy Level,2.0,30th percentile,Medium,97.66,24.05,2.4318495,3.6,100262526470.0,7013000000.0,6.9572234,9.32,13.98,3.6862584476756095,1
TEL,Te Connectivity Ltd,Technology,14.8,5.8,4.4,4.6,None Controversy Level,,11th percentile,Low,95.27,19.72,1.6062645,4.71,34983666316.0,2797000000.0,2.5734365,3.6,5.4,4.943843812322872,0
TGT,Target Corporation,Consumer Defensive,14.4,1.9,7.6,4.9,Significant Controversy Level,3.0,10th percentile,Low,71.11,14.19,3.3856654,4.71,39816696539.0,7105000000.0,0.8047394,3.45,5.175000000000001,6.623540992828013,0
TPR,"Tapestry, Inc.",Consumer Cyclical,14.8,1.1,8.6,5.2,Moderate Controversy Level,2.0,11th percentile,Low,48.85,,0.0,2.09,14247199374.0,0.0,4.0785494,4.35,6.5249999999999995,4.278403275332651,0
TROW,T Rowe Price Group Inc,Financial Services,16.9,2.4,8.9,5.6,Low Controversy Level,1.0,17th percentile,Low,101.99,19.92,2.140443,4.75,25810865035.0,2281400000.0,7.3911157,4.61,6.915000000000001,4.6573193450338275,0
SYY,Sysco Corporation,Consumer Defensive,15.9,5.4,6.1,4.5,Moderate Controversy Level,2.0,14th percentile,Low,57.0,22.98,2.4644873,2.08,30445320778.0,2988725000.0,0.7295535,13.4,20.1,3.649122807017544,0
SNPS,Synopsys Inc,Technology,14.4,3.3,6.9,4.2,None Controversy Level,,10th percentile,Low,82.62,67.72,0.0,0.87,12767067883.0,579844000.0,6.276264,3.98,5.97,1.0530137981118373,0
SYF,Synchrony Financial,Financial Services,17.3,0.1,9.9,7.3,Moderate Controversy Level,2.0,18th percentile,Low,34.98,13.35,1.6,2.41,28893750000.0,0.0,2.1096623,1.97,2.955,6.889651229273872,0
SYK,Stryker Corporation,Healthcare,28.3,4.0,13.2,11.0,Moderate Controversy Level,2.0,62nd percentile,Medium,148.01,23.46,1.2234008,2.68,57509096756.0,2863000000.0,4.635566,5.54,8.31,1.8106884669954735,1
STT,State Street Corporation,Financial Services,24.1,1.6,12.9,9.5,Low Controversy Level,1.0,45th percentile,Medium,98.54,15.35,1.6228749,5.23,38059113300.0,0.0,3.263072,1.95,2.925,5.307489344428658,1
SBUX,Starbucks Corp,Consumer Cyclical,24.7,5.8,14.6,4.3,Significant Controversy Level,3.0,48th percentile,Medium,53.77,25.98,2.203452,1.97,76548976000.0,7361500000.0,3.4392443,13.36,20.04,3.6637530221312997,1
SWK,"Stanley Black & Decker, Inc.",Industrials,25.3,5.0,12.5,7.8,Moderate Controversy Level,2.0,50th percentile,Medium,152.86,20.57,1.5775635,8.05,24496399600.0,2264600000.0,1.944325,3.34,5.01,5.2662567054821405,1
LUV,Southwest Airlines Co.,Industrials,30.7,11.0,13.7,5.9,Moderate Controversy Level,2.0,71st percentile,High,55.63,15.89,0.863707,5.82,34351211637.0,4533000000.0,1.6294897,3.84,5.76,10.461980945532986,1
SNA,Snap-on Incorporated,Industrials,30.5,9.0,13.9,7.6,Moderate Controversy Level,2.0,71st percentile,High,156.72,15.81,1.968433,9.2,9499107736.0,982200000.0,3.5114813,3.21,4.8149999999999995,5.8703420112302185,1
SWKS,Skyworks Solutions Inc,Technology,28.0,11.8,8.9,7.2,Low Controversy Level,1.0,61st percentile,Medium,99.04,16.45,1.2629502,5.41,18493080922.0,1122900000.0,6.9704437,4.25,6.375,5.4624394184168015,1
SPG,"Simon Property Group, Inc.",Real Estate,14.0,3.8,4.0,6.2,Low Controversy Level,1.0,9th percentile,Low,152.18,13.56,5.0368075,6.25,48139839531.0,4411515000.0,8.754495,13.24,19.86,4.106978577999737,0
SRE,Sempra,Utilities,23.6,10.9,7.8,4.9,Moderate Controversy Level,2.0,43rd percentile,Medium,103.36,19.14,3.1607263,5.45,26163862235.0,3763000000.0,3.15303,1.98,2.9699999999999998,5.272832817337462,1
STX,Seagate Technology Holdings Plcs,Technology,10.7,1.6,3.8,5.3,Low Controversy Level,1.0,2nd percentile,Low,47.44,11.51,5.085772,2.58,14113197720.0,1811000000.0,1.3048558,13.33,19.995,5.438448566610456,0
SLB,Schlumberger Limited,Energy,20.3,8.1,6.3,5.9,Low Controversy Level,1.0,29th percentile,Medium,67.4,44.93,2.8673835,-1.08,96529311126.0,3222000000.0,3.2297828,2.64,3.96,-1.6023738872403561,1
SBAC,Sba Communications Corp,Real Estate,11.6,3.1,3.2,5.2,None Controversy Level,,4th percentile,Low,159.85,199.81,0.0,0.62,19572031314.0,1074240000.0,15.189207,91.04,136.56,0.38786362214576164,0
CRM,"Salesforce, Inc.",Technology,14.9,2.0,7.5,5.4,Low Controversy Level,1.0,11th percentile,Low,104.03,520.15,0.0,0.27,79489115000.0,925804000.0,10.3738785,8.81,13.215,0.25954051715851195,0
SPGI,S&p Global Inc.,Financial Services,13.0,0.0,6.2,6.8,Low Controversy Level,1.0,7th percentile,Low,173.31,27.38,1.0947506,7.95,46585950000.0,3021000000.0,10.254704,50.56,75.84,4.587155963302752,0
RCL,Royal Caribbean Group,Consumer Cyclical,20.7,8.1,7.7,4.9,Significant Controversy Level,3.0,31st percentile,Medium,122.45,16.26,1.8674136,7.53,27418147452.0,2876309000.0,3.1026611,2.56,3.84,6.1494487545937115,1
ROST,Ross Stores Inc,Consumer Cyclical,18.2,1.8,10.8,5.7,Moderate Controversy Level,2.0,21st percentile,Low,75.06,26.52,0.82061803,2.83,29803566306.0,2247009000.0,2.9734495,10.28,15.419999999999998,3.7703170796695975,0
ROP,"Roper Technologies, Inc.",Technology,20.4,4.7,9.7,6.1,None Controversy Level,,30th percentile,Medium,259.4,27.57,0.61985797,9.38,27247789759.0,1555209000.0,5.9715905,4.23,6.345000000000001,3.616037008481111,1
ROK,"Rockwell Automation, Inc.",Industrials,17.7,5.4,6.6,5.7,Moderate Controversy Level,2.0,19th percentile,Low,178.73,26.48,1.7692552,6.35,24123216432.0,1323200000.0,3.760594,10.94,16.41,3.5528450735746655,0
RHI,Robert Half Inc.,Industrials,10.9,0.1,7.4,3.4,Low Controversy Level,1.0,3rd percentile,Low,52.26,20.18,1.7075773,2.32,7047165475.0,565196000.0,1.3330402,5.98,8.97,4.439341752774588,0
RMD,Resmed Inc.,Healthcare,26.4,3.5,12.4,10.4,Low Controversy Level,1.0,55th percentile,Medium,89.26,31.54,1.5120423,2.41,13233622689.0,636942000.0,6.1640687,6.61,9.915000000000001,2.6999775935469414,1
RSG,Republic Services Inc.,Industrials,20.9,11.2,6.0,3.7,Significant Controversy Level,3.0,31st percentile,Medium,62.72,26.13,2.1362228,1.77,21590903863.0,2734000000.0,2.8841186,2.83,4.245,2.8220663265306123,1
RF,Regions Financial Corp.,Financial Services,16.9,1.8,6.7,8.4,Moderate Controversy Level,2.0,17th percentile,Low,17.9,17.9,1.8987342,1.0,21500640000.0,0.0,3.474771,1.32,1.98,5.5865921787709505,0
REGN,Regeneron Pharmaceuticals Inc,Healthcare,18.0,0.3,11.0,6.7,Moderate Controversy Level,2.0,21st percentile,Low,322.62,27.93,0.0,7.74,35950369241.0,2043160000.0,8.48541,5.89,8.834999999999999,2.399107308908313,0
REG,Regency Centers Corporation,Real Estate,11.7,3.7,3.2,4.8,None Controversy Level,,5th percentile,Low,55.58,15.27,3.6850338,1.43,9858367494.0,487636000.0,13.762162,1.51,2.265,2.572867938107233,0
O,Realty Income Corporation,Real Estate,15.5,4.4,5.3,5.7,Moderate Controversy Level,2.0,13th percentile,Low,47.56,15.54,5.372036,1.12,13784942453.0,1075568000.0,15.588069,1.92,2.88,2.3549201009251473,0
RJF,"Raymond James Financial, Inc.",Financial Services,27.0,2.3,11.2,13.4,Moderate Controversy Level,2.0,57th percentile,Medium,86.06,16.94,1.0982976,4.12,13216271700.0,0.0,1.9734555,2.34,3.51,4.787357657448292,1
RL,Ralph Lauren Corporation,Consumer Cyclical,14.6,1.2,7.8,5.6,Moderate Controversy Level,2.0,10th percentile,Low,101.32,17.74,1.8570102,-1.19,8753430477.0,506100000.0,1.3948758,2.44,3.66,-1.174496644295302,0
DGX,Quest Diagnostics Inc.,Healthcare,21.2,0.1,13.1,8.0,Significant Controversy Level,3.0,33rd percentile,Medium,96.42,17.07,1.9884669,5.5,13578300000.0,1453000000.0,1.7709883,2.82,4.2299999999999995,5.704210744658784,1
PWR,"Quanta Services, Inc.",Industrials,36.9,12.1,15.7,9.0,Moderate Controversy Level,2.0,88th percentile,High,33.51,17.54,0.0,1.28,5330131216.0,649404000.0,0.77893436,1.43,2.145,3.819755296926291,1
QCOM,Qualcomm Inc,Technology,15.4,5.3,4.5,5.6,Significant Controversy Level,3.0,12th percentile,Low,62.42,16.51,3.5055351,1.65,96282828902.0,4191000000.0,4.263658,3.82,5.7299999999999995,2.643383530919577,0
QRVO,"Qorvo, Inc.",Technology,28.5,12.3,8.5,7.7,None Controversy Level,,63rd percentile,Medium,76.85,19.71,0.0,-0.13,9877885146.0,806875000.0,3.389142,1.98,2.9699999999999998,-0.16916070266753416,1
PHM,"Pultegroup, Inc.",Consumer Cyclical,21.4,9.2,7.3,4.9,Moderate Controversy Level,2.0,34th percentile,Medium,28.67,12.86,1.2036108,1.44,8792572352.0,992811000.0,1.0341544,1.99,2.985,5.022671782350889,1
PSA,Public Storage,Real Estate,13.1,4.7,2.6,5.7,Low Controversy Level,1.0,7th percentile,Low,180.49,18.21,4.316159,6.81,32258539942.0,1924803000.0,16.16417,6.56,9.84,3.7730622195135464,0
PEG,Public Service Enterprise Group Incorporated,Utilities,27.2,12.5,9.3,5.5,Moderate Controversy Level,2.0,58th percentile,Medium,46.73,16.11,3.60587,1.75,24138050331.0,3613000000.0,3.4491453,1.88,2.82,3.7449176118125407,1
PRU,"Prudential Financial, Inc.",Financial Services,19.9,0.6,10.0,9.3,Low Controversy Level,1.0,28th percentile,Low,103.38,9.99,2.6985698,9.73,47136080000.0,0.0,1.083727,0.93,1.395,9.411878506480944,0
PLD,"Prologis, Inc.",Real Estate,10.3,2.7,2.5,5.0,Low Controversy Level,1.0,3rd percentile,Low,58.33,20.76,2.931379,3.06,31953288000.0,2969194000.0,14.380373,2.11,3.165,5.246014057946169,0
PGR,Progressive Corporation,Financial Services,20.0,1.5,8.5,10.1,Moderate Controversy Level,2.0,28th percentile,Medium,51.07,20.76,2.1061797,2.73,31062780000.0,0.0,1.1458876,3.25,4.875,5.345604072841198,1
PG,Procter & Gamble Company,Consumer Defensive,28.6,9.6,12.2,6.7,Significant Controversy Level,3.0,63rd percentile,Medium,80.22,20.46,3.3704789,5.6,206318943299.0,17249000000.0,3.1595004,3.85,5.775,6.980802792321117,1
PFG,"Principal Financial Group, Inc.",Financial Services,14.2,0.8,5.8,7.6,Low Controversy Level,1.0,9th percentile,Low,60.38,11.96,3.1914895,4.5,18457199721.0,0.0,1.7167546,1.53,2.295,7.452798940046372,0
PPL,Ppl Corporation,Utilities,31.3,17.1,8.9,5.3,Moderate Controversy Level,2.0,74th percentile,High,29.52,12.83,5.2196894,2.79,20839814845.0,3937000000.0,3.7497053,1.95,2.925,9.451219512195122,1
PPG,"Ppg Industries, Inc.",Basic Materials,25.2,11.0,7.7,6.5,Moderate Controversy Level,2.0,50th percentile,Medium,110.3,18.73,1.5771489,6.31,29043337549.0,2585000000.0,1.9551051,4.83,7.245,5.720761559383499,1
PNC,Pnc Financial Services Group,Financial Services,26.1,1.9,13.3,10.8,Significant Controversy Level,3.0,53rd percentile,Medium,149.38,17.55,1.9354838,10.4,73315000000.0,0.0,4.04653,1.53,2.295,6.962110054893561,1
PNW,Pinnacle West Capital Corporation,Utilities,30.8,14.7,10.2,5.8,Low Controversy Level,1.0,72nd percentile,High,74.34,16.06,3.698776,3.95,8397609889.0,1614399000.0,2.9931207,1.65,2.4749999999999996,5.313424804950229,1
PSX,Phillips 66,Energy,35.4,20.8,8.8,5.8,Significant Controversy Level,3.0,84th percentile,High,92.44,21.11,2.928564,9.93,47996220000.0,5311000000.0,0.47499472,2.12,3.18,10.742102985720466,1
PM,Philip Morris International Inc.,Consumer Defensive,28.5,3.4,13.5,11.5,Significant Controversy Level,3.0,63rd percentile,Medium,100.39,22.36,4.328479,4.48,153580671803.0,11802000000.0,2.7574685,1318.7,1978.0500000000002,4.462595876083276,1
PCG,Pg&e Corporation,Utilities,30.4,9.6,15.4,5.4,High Controversy Level,4.0,70th percentile,High,38.24,8.75,0.0,2.78,20309412381.0,6471000000.0,1.5730644,1.09,1.6350000000000002,7.269874476987447,1
PFE,Pfizer Inc.,Healthcare,24.6,2.1,12.9,9.6,Significant Controversy Level,3.0,47th percentile,Medium,33.63,12.69,3.8879359,3.51,208505541949.0,20569000000.0,4.0020885,3.4,5.1,10.437109723461194,1
PEP,"Pepsico, Inc.",Consumer Defensive,22.1,7.3,9.6,5.2,Significant Controversy Level,3.0,36th percentile,Medium,110.15,21.51,2.8370044,4.36,161413271020.0,12843000000.0,3.6705062,,,3.9582387653200186,1
PNR,Pentair Plc,Industrials,22.1,6.0,10.0,6.1,Low Controversy Level,1.0,36th percentile,Medium,66.67,18.89,2.03933,3.63,12466660892.0,863700000.0,2.5191512,2.48,3.7199999999999998,5.4447277636118185,1
PYPL,"Paypal Holdings, Inc.",Financial Services,17.8,2.8,9.2,5.8,Moderate Controversy Level,2.0,20th percentile,Low,72.32,49.53,0.0,1.47,90708000000.0,2932000000.0,6.935696,5.81,8.715,2.0326327433628317,0
PAYX,Paychex Inc,Industrials,16.7,3.2,7.2,6.4,Low Controversy Level,1.0,16th percentile,Low,61.86,27.49,3.0892801,2.26,23253666810.0,1414900000.0,7.248487,11.77,17.655,3.6534109279017133,0
PH,Parker-Hannifin Corporation,Industrials,29.5,9.5,13.8,6.2,Moderate Controversy Level,2.0,67th percentile,Medium,174.51,21.6,1.4401833,7.24,24421668509.0,2092089000.0,1.8652664,4.39,6.584999999999999,4.148759383416423,1
PKG,Packaging Corp of America,Consumer Cyclical,18.6,14.0,1.1,3.6,Low Controversy Level,1.0,23rd percentile,Low,111.95,18.57,2.1514556,7.07,11051273948.0,1214900000.0,1.741522,5.54,8.31,6.315319338990621,0
PCAR,Paccar Inc,Industrials,27.6,8.4,11.0,8.3,Significant Controversy Level,3.0,60th percentile,Medium,66.98,15.72,1.455816,4.75,24152102921.0,3619200000.0,1.28693,3.07,4.6049999999999995,7.091669154971633,1
ORCL,Oracle Corp,Technology,13.9,0.5,7.8,5.6,Moderate Controversy Level,2.0,9th percentile,Low,46.84,18.81,1.5551463,2.2,202302349740.0,16545000000.0,5.2561646,3.56,5.34,4.6968403074295475,0
OKE,"Oneok, Inc.",Energy,25.1,10.8,11.0,3.3,Low Controversy Level,1.0,50th percentile,Medium,54.4,34.0,5.4436197,1.66,21988472489.0,1851783000.0,2.6159565,4.03,6.045,3.051470588235294,1
OMC,Omnicom Group Inc.,Communication Services,16.3,0.1,9.3,6.9,Low Controversy Level,1.0,15th percentile,Low,75.91,15.27,3.1838684,4.79,17377551986.0,2366000000.0,1.5327156,6.66,9.99,6.310104070609933,0
OXY,Occidental Petroleum Corporation,Energy,41.7,25.0,9.7,7.0,Moderate Controversy Level,2.0,93rd percentile,Severe,68.47,195.63,4.4081864,-0.75,53467692395.0,5205000000.0,6.044895,,,-1.0953702351394772,1
ORLY,"O'reilly Automotive, Inc.",Consumer Cyclical,12.1,0.1,8.1,3.8,Low Controversy Level,1.0,5th percentile,Low,252.22,21.91,0.0,10.73,21433781860.0,1965187000.0,3.1934319,34.12,51.17999999999999,4.254222504163033,0
NVDA,Nvidia Corp,Technology,13.6,2.3,4.9,6.3,Moderate Controversy Level,2.0,8th percentile,Low,217.52,82.08,0.26223776,2.57,138652800000.0,3098000000.0,20.094294,20.39,30.585,1.1815005516734094,0
NUE,Nucor Corporation,Basic Materials,32.8,9.3,14.7,8.8,Moderate Controversy Level,2.0,78th percentile,High,60.38,17.01,2.415766,4.1,20003317128.0,2648729000.0,0.99837583,2.34,3.51,6.790327923153361,1
NRG,"Nrg Energy, Inc.",Utilities,32.0,16.8,9.5,5.7,Moderate Controversy Level,2.0,75th percentile,High,24.0,17.78,1.4195584,-2.23,8030036023.0,1774000000.0,0.9933021,6.73,10.095,-9.291666666666666,1
NCLH,Norwegian Cruise Line Holdings Ltd.s,Consumer Cyclical,25.9,9.0,10.9,6.1,Moderate Controversy Level,2.0,53rd percentile,Medium,56.01,15.35,0.0,2.78,13191507318.0,1529401000.0,3.2066104,2.35,3.5250000000000004,4.963399392965542,1
NOC,Northrop Grumman Corp.,Industrials,27.5,7.8,14.4,5.4,Moderate Controversy Level,2.0,59th percentile,Medium,324.01,24.4,1.3030859,11.47,58782413951.0,3884000000.0,2.209576,7.96,11.94,3.540014197092683,1
NTRS,Northern Trust Corp,Financial Services,23.9,1.9,11.8,10.2,Moderate Controversy Level,2.0,44th percentile,Medium,96.2,19.96,1.6678249,4.92,22908130223.0,0.0,4.031728,2.44,3.66,5.114345114345114,1
NSC,Norfolk Southern Corp.,Industrials,23.9,8.0,10.5,5.4,Significant Controversy Level,3.0,44th percentile,Medium,136.89,20.65,2.018503,18.73,40543547441.0,4737000000.0,3.8525908,3.09,4.635,13.68251881072394,1
NI,Nisource Inc.,Utilities,26.0,12.0,9.2,4.9,Significant Controversy Level,3.0,53rd percentile,Medium,22.51,19.57,3.3780859,1.02,7776566371.0,1448600000.0,2.2361343,1.82,2.73,4.531319413593958,1
NKE,"Nike, Inc.",Consumer Cyclical,19.6,3.0,10.0,6.7,Significant Controversy Level,3.0,27th percentile,Low,62.49,24.9,1.2189548,2.51,106776113744.0,5162000000.0,3.0549932,8.91,13.365,4.016642662826052,0
NEE,"Nextra Energy, Inc.",Utilities,23.3,9.4,8.3,5.6,Moderate Controversy Level,2.0,41st percentile,Medium,145.29,21.65,2.6537917,11.39,69661177770.0,9018000000.0,4.091698,2.75,4.125,7.839493426939226,1
NWS,News Corporation Class B,Communication Services,21.53372093023256,,,,,,,Medium,15.85,44.03,1.2269939,-1.28,9496735699.0,679000000.0,1.5718216,0.86,1.29,-8.075709779179812,1
NWSA,News Corporation Class A,Communication Services,11.5,0.0,4.7,6.7,Moderate Controversy Level,2.0,4th percentile,Low,15.65,43.47,1.24533,-1.28,9356906461.0,679000000.0,1.5518167,0.85,1.275,-8.178913738019169,0
NEM,Newmont Corporation,Basic Materials,20.5,7.1,8.2,5.2,Significant Controversy Level,3.0,30th percentile,Medium,36.61,26.34,0.8101539,-1.18,19749449484.0,1509000000.0,3.7076392,1.81,2.715,-3.2231630701993987,1
NFLX,Netflix Inc,Communication Services,16.4,0.1,7.3,9.0,Moderate Controversy Level,2.0,15th percentile,Low,250.1,200.08,0.0,1.25,114805404842.0,809028000.0,9.861594,30.8,46.2,0.49980007996801284,0
NTAP,"Netapp, Inc",Technology,15.4,2.2,7.7,5.5,Low Controversy Level,1.0,12th percentile,Low,55.85,26.1,1.3881658,1.81,15375210915.0,1075000000.0,3.6687026,5.46,8.19,3.2408236347358996,0
NDAQ,"Nasdaq, Inc.",Financial Services,13.1,0.0,5.6,7.4,Low Controversy Level,1.0,7th percentile,Low,75.21,17.78,1.9671283,4.32,12844304115.0,1212000000.0,3.2591083,2.25,3.375,5.743917032309534,0
MSI,"Motorola Solutions, Inc.",Technology,13.1,2.3,5.1,5.8,Low Controversy Level,1.0,7th percentile,Low,98.74,19.03,2.0266979,-1.08,16626039679.0,1629000000.0,2.6092634,6.81,10.215,-1.0937816487745595,0
MS,Morgan Stanley,Financial Services,24.6,1.1,12.9,10.5,Moderate Controversy Level,2.0,47th percentile,Medium,51.79,14.23,1.8331805,3.09,97535400000.0,0.0,2.2258842,1.33,1.995,5.966402780459548,1
MCO,Moody's Corporation,Financial Services,15.8,1.6,6.1,8.1,Moderate Controversy Level,2.0,14th percentile,Low,152.14,26.55,1.114065,1.35,30189978000.0,1238000000.0,9.932974,73.84,110.76,0.8873406073353493,0
MNST,Monster Beverage Corporation,Consumer Defensive,29.2,12.1,12.0,5.1,Moderate Controversy Level,2.0,66th percentile,Medium,61.99,42.17,0.0,1.19,36403831015.0,1229478000.0,14.152587,9.56,14.34,1.9196644620100016,1
MDLZ,"Mondelez International, Inc. Class A",Consumer Defensive,22.0,7.2,9.4,5.4,Significant Controversy Level,3.0,36th percentile,Medium,42.68,19.85,1.9977299,1.91,65827817742.0,4355000000.0,2.5708609,2.52,3.7800000000000002,4.475164011246485,1
TAP,Molson Coors Beverage Company Class B,Consumer Defensive,21.4,7.3,8.6,5.5,Moderate Controversy Level,2.0,33rd percentile,Medium,74.51,17.66,2.1533613,9.27,12396862128.0,4708400000.0,1.2371694,1.34,2.0100000000000002,12.441283049255132,1
MHK,"Mohawk Industries, Inc.",Consumer Cyclical,14.1,5.8,4.2,4.2,Moderate Controversy Level,2.0,9th percentile,Low,256.57,19.08,0.0,12.48,19897356456.0,1750393000.0,2.7977824,2.88,4.32,4.864169622325291,0
MAA,"Mid-America Apartment Communities, Inc.",Real Estate,13.1,3.9,3.0,6.3,Low Controversy Level,1.0,7th percentile,Low,85.39,14.38,4.19652,2.86,9992628990.0,871483000.0,6.6291075,1.6,2.4000000000000004,3.349338330015224,0
MSFT,Microsoft Corp,Technology,15.1,1.5,7.5,6.1,Significant Controversy Level,3.0,11th percentile,Low,85.01,25.76,1.8747908,2.97,689978437468.0,41079000000.0,7.1130967,9.49,14.235,3.4937066227502642,0
MU,"Micron Technology, Inc.",Technology,18.2,7.2,5.5,5.5,Moderate Controversy Level,2.0,21st percentile,Low,40.0,9.01,0.0,4.36,48576791974.0,12541000000.0,2.1912806,2.02,3.0300000000000002,10.900000000000002,0
MCHP,Microchip Technology Inc,Technology,31.8,15.3,9.2,7.4,Low Controversy Level,1.0,75th percentile,High,79.9,21.77,1.7512966,0.66,19393095636.0,997492000.0,7.4475183,5.9,8.850000000000001,0.8260325406758448,1
MGM,Mgm Resorts International,Consumer Cyclical,24.8,1.3,13.0,10.5,Moderate Controversy Level,2.0,48th percentile,Medium,33.5,29.65,1.2687428,1.92,19633674337.0,2680385000.0,2.2276719,3.09,4.635,5.731343283582089,1
MTD,Mettler-Toledo International,Healthcare,13.1,1.0,7.4,4.7,None Controversy Level,,7th percentile,Low,601.0,35.56,0.0,14.24,16420774443.0,666706000.0,8.372307,31.69,47.535000000000004,2.3693843594009985,0
MET,"Metlife, Inc.",Financial Services,16.4,0.7,7.0,8.8,Moderate Controversy Level,2.0,15th percentile,Low,44.28,8.52,3.4587116,0.63,48679364276.0,0.0,1.0496864,0.85,1.275,1.4227642276422763,0
MRK,"Merck & Co., Inc.",Healthcare,21.4,1.9,10.6,8.9,Significant Controversy Level,3.0,34th percentile,Medium,54.73,13.75,3.435934,1.4,152241530340.0,8715000000.0,5.0893345,4.02,6.029999999999999,2.558012059199708,1
MDT,Medtronic Plc,Healthcare,22.8,1.8,13.4,7.6,Significant Controversy Level,3.0,39th percentile,Medium,78.38,17.04,2.2618315,2.89,110107062300.0,9204000000.0,4.944542,2.14,3.21,3.6871650931360045,1
MCK,Mckesson Corporation,Healthcare,15.2,1.6,7.3,6.3,Significant Controversy Level,3.0,12th percentile,Low,150.23,11.68,0.8898776,22.74,31534840262.0,7232000000.0,0.15318617,2.68,4.0200000000000005,15.136790254942422,0
MCD,Mcdonald's Corporation,Consumer Cyclical,26.0,7.6,12.6,5.8,Significant Controversy Level,3.0,53rd percentile,Medium,158.97,23.83,2.437994,6.36,132101623787.0,10515400000.0,5.770237,146.07,219.105,4.000754859407436,1
MKC,"Mccormick & Company, Incorporated Non-Vtg Cs",Consumer Defensive,26.1,9.6,11.1,5.3,Moderate Controversy Level,2.0,53rd percentile,Medium,101.36,23.91,2.0261056,3.73,13459353253.0,815700000.0,2.7788277,5.2,7.800000000000001,3.6799526440410415,1
MA,Mastercard Incorporated,Financial Services,17.1,2.2,6.7,8.3,High Controversy Level,4.0,17th percentile,Low,160.62,34.99,0.5926628,3.65,187102014193.0,7113000000.0,15.020556,26.93,40.394999999999996,2.272444278421118,0
MAS,Masco Corporation,Industrials,22.2,9.7,5.6,6.8,Low Controversy Level,1.0,37th percentile,Medium,40.7,22.12,0.98383695,1.47,13428792315.0,1179000000.0,2.308266,11.93,17.895,3.6117936117936114,1
MLM,Martin Marietta Materials,Basic Materials,30.1,16.7,4.8,8.7,Moderate Controversy Level,2.0,69th percentile,High,208.42,30.38,0.8042038,6.63,13756812736.0,975223000.0,4.416998,3.03,4.545,3.181076672104405,1
MMC,"Marsh & Mclennan Companies, Inc.",Financial Services,21.1,0.1,11.3,9.7,Moderate Controversy Level,2.0,32nd percentile,Medium,79.31,20.23,1.8257059,2.87,41819440000.0,3236000000.0,2.9848945,5.85,8.774999999999999,3.618711385701677,1
MAR,Marriot International Class A,Consumer Cyclical,21.4,8.6,9.2,3.7,Significant Controversy Level,3.0,34th percentile,Medium,133.88,32.73,0.9452879,2.67,50910130358.0,2620000000.0,2.9997249,11.02,16.53,1.9943232745742456,1
MPC,Marathon Petroleum Corporation,Energy,30.5,17.1,8.1,5.3,Significant Controversy Level,3.0,71st percentile,High,62.79,16.06,2.8268552,6.85,31633740000.0,5978000000.0,0.42713487,2.43,3.6450000000000005,10.909380474597866,1
MRO,Marathon Oil Corporation,Energy,37.7,21.1,9.1,7.6,Moderate Controversy Level,2.0,89th percentile,High,15.68,-32.0,1.2247398,-2.65,13875005314.0,2266000000.0,4.6578755,,,-16.90051020408163,1
MTB,M&t Bank Corp.,Financial Services,26.5,2.6,10.3,13.6,Low Controversy Level,1.0,55th percentile,Medium,178.35,18.91,1.6218846,8.69,27840827434.0,0.0,4.6277885,1.79,2.685,4.872441827866555,1
LYB,Lyondellbasell Industries N.v. Class A,Basic Materials,20.7,13.5,2.1,5.1,Moderate Controversy Level,2.0,31st percentile,Medium,105.79,10.35,3.264714,12.25,43556650000.0,6851000000.0,1.3037612,5.86,8.790000000000001,11.579544380376216,1
LOW,Lowe's Companies Inc.,Consumer Cyclical,11.8,3.3,5.3,3.2,Moderate Controversy Level,2.0,5th percentile,Low,95.01,23.87,1.6413131,3.46,82909678852.0,7858000000.0,1.5653384,14.1,21.15,3.641721924007999,0
L,Loews Corporation,Financial Services,16.4,0.6,4.3,11.5,Moderate Controversy Level,2.0,15th percentile,Low,46.05,15.99,4.5131636,1.93,16111166935.0,0.0,1.5809761,0.85,1.275,4.191096634093377,0
LMT,Lockheed Martin Corp.,Industrials,30.2,8.0,15.1,7.1,Significant Controversy Level,3.0,70th percentile,High,334.3,24.28,2.315954,6.83,98102120000.0,7115000000.0,1.8781451,45.55,68.32499999999999,2.043075082261442,1
LKQ,Lkq Corporation,Consumer Cyclical,11.1,3.8,4.0,3.3,Moderate Controversy Level,2.0,4th percentile,Low,38.86,21.35,0.0,1.5,12469931896.0,1065614000.0,1.723609,3.02,4.53,3.860010293360782,0
LEN,Lennar Corporation Class A,Consumer Cyclical,25.4,11.3,8.6,5.6,Moderate Controversy Level,2.0,51st percentile,Medium,59.11,15.35,0.26268265,3.38,14615967194.0,1405319000.0,1.1468264,1.76,2.64,5.718152596853324,1
LRCX,Lam Research Corp,Technology,13.6,4.5,4.0,5.1,Low Controversy Level,1.0,8th percentile,Low,162.23,16.29,1.1652974,9.22,27967534829.0,2967218000.0,3.0405293,4.52,6.779999999999999,5.683289157369168,0
LH,Labcorp Holdings Inc.,Healthcare,19.7,0.4,12.7,6.6,Moderate Controversy Level,2.0,27th percentile,Low,165.46,17.79,0.0,7.02,17271388000.0,1861200000.0,2.2459624,2.71,4.0649999999999995,4.242717273056932,0
KLAC,Kla Corporation,Technology,17.2,7.4,5.1,4.6,None Controversy Level,,18th percentile,Low,98.54,16.59,2.2988505,5.88,16078622033.0,1506642000.0,4.3395863,12.93,19.395,5.967119951288816,0
KMI,"Kinder Morgan, Inc.",Energy,19.0,8.3,7.2,3.5,Moderate Controversy Level,2.0,24th percentile,Low,16.8,25.07,2.891845,0.01,38612712234.0,5981000000.0,2.823936,1.07,1.605,0.05952380952380952,0
KIM,Kimco Realty Corp.,Real Estate,10.9,2.3,2.6,6.0,None Controversy Level,,4th percentile,Low,14.01,9.28,7.7134986,0.8,6180487499.0,701190000.0,7.0508943,1.2,1.7999999999999998,5.71020699500357,0
KMB,Kimberly-Clark Corp.,Consumer Defensive,28.5,10.4,10.4,7.6,Moderate Controversy Level,2.0,63rd percentile,Medium,111.69,17.93,3.5599859,6.41,39449596000.0,4033000000.0,2.1947837,151.66,227.49,5.739099292685111,1
KEY,Keycorp,Financial Services,21.4,1.6,9.2,10.7,Low Controversy Level,1.0,34th percentile,Medium,20.08,14.66,1.9876952,1.12,22589744920.0,0.0,3.270451,1.55,2.325,5.57768924302789,1
K,Kellanova,Consumer Defensive,28.4,10.6,13.4,4.4,Moderate Controversy Level,2.0,63rd percentile,Medium,65.98,16.5,3.363962,1.95,22182794875.0,1827000000.0,2.3173764,11.5,17.25,2.9554410427402242,1
JNPR,Juniper Networks Inc,Technology,14.8,1.8,7.2,5.8,Low Controversy Level,1.0,11th percentile,Low,24.66,14.09,1.5754234,0.78,9267350000.0,1115500000.0,1.8543326,1.78,2.67,3.1630170316301705,0
JPM,Jpmorgan Chase & Co.,Financial Services,29.3,1.1,16.5,11.7,Significant Controversy Level,3.0,66th percentile,Medium,107.88,15.43,1.9845841,6.3,386613611000.0,0.0,3.3714993,1.6,2.4000000000000004,5.839822024471635,1
JCI,Johnson Controls International Plc,Industrials,14.4,4.5,4.6,5.4,Significant Controversy Level,3.0,10th percentile,Low,36.55,14.0,2.7659574,1.71,34822224800.0,4295000000.0,1.1415336,1.69,2.535,4.678522571819426,0
JNJ,Johnson & Johnson,Healthcare,24.0,0.9,15.0,8.0,High Controversy Level,4.0,45th percentile,Medium,126.36,17.31,2.5566885,0.39,353062464971.0,22430000000.0,4.6326222,4.74,7.11,0.308641975308642,1
JBHT,Jb Hunt Transport Services Inc,Industrials,14.8,3.3,6.6,5.0,Low Controversy Level,1.0,11th percentile,Low,114.81,30.62,0.8139042,6.19,12945366350.0,1007309000.0,1.7697402,8.55,12.825000000000001,5.3915164184304505,0
IRM,Iron Mountain Inc.,Real Estate,14.5,5.0,3.7,5.8,Moderate Controversy Level,2.0,10th percentile,Low,32.07,15.42,7.08258,0.46,9410249279.0,1116140000.0,3.2898626,4.97,7.455,1.4343623323978796,0
IQV,Iqvia Holdings Inc.,Healthcare,19.1,1.3,10.6,7.2,Moderate Controversy Level,2.0,25th percentile,Low,95.23,21.74,0.0,0.76,20426488713.0,1542000000.0,2.8477087,2.77,4.155,0.7980678357660401,0
IVZ,Invesco Ltd,Financial Services,22.8,0.7,11.0,11.0,Moderate Controversy Level,2.0,39th percentile,Medium,31.92,11.87,3.466826,2.74,13620847614.0,1606200000.0,2.6513786,1.62,2.43,8.583959899749374,1
ISRG,Intuitive Surgical Inc.,Healthcare,21.1,3.7,9.6,7.8,Low Controversy Level,1.0,32nd percentile,Medium,381.87,48.58,0.0,5.67,44866621303.0,1153700000.0,14.655261,9.48,14.22,1.4847984916332784,1
INTU,Intuit Inc,Technology,16.4,1.0,10.7,4.7,Moderate Controversy Level,2.0,15th percentile,Low,152.75,40.52,0.96720195,3.72,41233771565.0,1654000000.0,9.633731,33.5,50.25,2.435351882160393,0
IP,International Paper Co.,Consumer Cyclical,24.5,15.1,4.5,4.8,Significant Controversy Level,3.0,47th percentile,Medium,56.05,15.57,3.206751,5.14,24465996443.0,3004000000.0,1.0738261,4.99,7.485,9.170383586083855,1
IFF,International Flavors & Fragrances Inc.,Basic Materials,22.7,10.5,5.6,6.6,Significant Controversy Level,3.0,39th percentile,Medium,138.0,24.17,1.9341276,5.05,11270040447.0,699963000.0,4.4208813,6.34,9.51,3.6594202898550727,1
IBM,International Business Machines Corporation,Technology,14.1,1.8,6.2,6.1,Moderate Controversy Level,2.0,9th percentile,Low,147.59,10.67,3.8999026,6.11,142433003505.0,16557000000.0,1.817167,7.7,11.55,4.139846873094384,0
ICE,Intercontinental Exchange Inc.,Financial Services,19.8,1.7,9.3,8.8,Low Controversy Level,1.0,27th percentile,Low,67.0,22.95,5.4298644,2.37,41373051167.0,3103000000.0,9.619987,2.62,3.93,3.537313432835821,0
INTC,Intel Corp,Technology,18.9,4.9,7.3,6.6,Significant Controversy Level,3.0,24th percentile,Low,42.75,12.32,2.6548672,1.98,211536000000.0,26247000000.0,3.348876,3.34,5.01,4.631578947368421,0
IR,Ingersoll Rand Inc.,Industrials,21.53372093023256,,,,,,,Medium,87.6,19.38,1.9739007,5.07,22785450609.0,1987100000.0,1.6147361,3.34,5.01,5.787671232876713,1
INCY,Incyte Genomics Inc,Healthcare,24.8,1.1,16.3,7.4,Low Controversy Level,1.0,48th percentile,Medium,83.92,-119.89,0.0,0.54,18220961259.0,-81686000.0,17.02699,10.25,15.375,0.6434699714013347,1
ILMN,Illumina Inc,Healthcare,18.6,0.1,11.6,6.9,Significant Controversy Level,3.0,23rd percentile,Low,209.54,52.25,0.0,4.92,32295200000.0,1192000000.0,11.713953,10.89,16.335,2.34800038178868,0
ITW,Illinois Tool Works Inc.,Industrials,25.3,7.0,11.8,6.5,Moderate Controversy Level,2.0,50th percentile,Medium,156.15,23.62,1.9089574,4.86,55994378108.0,3924000000.0,3.9286149,10.99,16.485,3.112391930835735,1
IDXX,Idexx Laboratories Inc,Healthcare,18.7,2.6,7.1,8.9,Low Controversy Level,1.0,23rd percentile,Low,169.28,53.57,0.0,2.94,15422885020.0,478307000.0,7.97525,196.21,294.315,1.7367674858223061,0
HII,"Huntington Ingalls Industries, Inc.",Industrials,21.53372093023256,,,,,,,Medium,225.37,18.75,1.2264713,12.15,10628247899.0,1107000000.0,1.8924941,6.04,9.06,5.391134578692816,1
HBAN,Huntington Bancshares Inc,Financial Services,21.8,2.0,11.2,8.7,Moderate Controversy Level,2.0,35th percentile,Medium,15.1,15.41,2.8132992,1.0,16766497291.0,0.0,3.5112102,1.72,2.58,6.622516556291391,1
HUM,Humana Inc.,Healthcare,22.5,0.0,16.7,5.7,Moderate Controversy Level,2.0,38th percentile,Medium,262.37,22.39,0.6040015,4.06,36973617235.0,0.0,0.9256895,3.33,4.995,1.547433014445249,1
HPQ,Hp Inc.,Technology,11.3,0.1,5.1,6.1,Moderate Controversy Level,2.0,4th percentile,Low,19.92,12.07,2.6270628,1.49,34895294088.0,3700000000.0,0.8954903,0.66,0.99,7.479919678714858,0
HST,"Host Hotels & Resorts, Inc.",Real Estate,13.4,3.3,4.6,5.5,Low Controversy Level,1.0,7th percentile,Low,18.75,11.23,4.1131105,1.02,14394715334.0,1547000000.0,3.5549128,2.02,3.0300000000000002,5.44,0
HRL,Hormel Foods Corporation,Consumer Defensive,30.0,13.3,10.7,6.0,Significant Controversy Level,3.0,69th percentile,Medium,32.21,20.39,2.2907758,1.57,17338613096.0,1422305000.0,2.5174792,3.49,5.235,4.874262651350512,1
HON,"Honeywell International, Inc.",Industrials,28.6,11.0,10.6,7.0,Significant Controversy Level,3.0,64th percentile,Medium,146.02,20.68,1.9710299,2.08,114422168609.0,8333000000.0,2.8267899,5.71,8.565,1.4244624024106285,1
HD,"Home Depot, Inc.",Consumer Cyclical,12.6,3.3,5.6,3.8,Moderate Controversy Level,2.0,6th percentile,Low,181.22,28.1,1.8610487,6.46,223378633329.0,16513000000.0,2.8964398,84.08,126.12,3.564727954971857,0
HOLX,Hologic Inc,Healthcare,25.0,4.6,12.1,8.4,Low Controversy Level,1.0,49th percentile,Medium,38.8,19.21,0.0,2.64,11181493750.0,1561000000.0,4.80335,4.0,6.0,6.804123711340207,1
HLT,Hilton Worldwide Holdings Inc.,Consumer Cyclical,17.6,6.1,7.0,4.4,Moderate Controversy Level,2.0,19th percentile,Low,78.66,36.42,0.7315289,1.05,26242415796.0,2815000000.0,3.7628453,17.67,26.505000000000003,1.3348588863463007,0
HPE,Hewlett Packard Enterprise Company,Technology,10.7,0.9,4.1,5.6,Moderate Controversy Level,2.0,3rd percentile,Low,15.04,11.57,1.9280206,0.21,24800859640.0,3683000000.0,1.4609766,1.06,1.59,1.396276595744681,0
HES,Hess Corporation,Energy,33.1,18.9,7.2,7.0,Moderate Controversy Level,2.0,79th percentile,High,43.0,-9.33,2.2670596,-19.94,14016129999.0,-819000000.0,3.780475,1.08,1.62,-46.372093023255815,1
HSIC,Henry Schein Inc,Healthcare,13.9,2.0,5.7,6.3,Moderate Controversy Level,2.0,9th percentile,Low,70.85,19.85,0.0,3.1,11452961984.0,1033985000.0,1.262194,3.74,5.61,4.37544107268878,0
HCA,"Hca Healthcare, Inc.",Healthcare,28.8,3.9,17.7,7.2,Significant Controversy Level,3.0,64th percentile,Medium,95.97,14.07,1.4227642,5.94,34449052800.0,8202000000.0,0.7251921,,,6.189434198186934,1
HAS,"Hasbro, Inc.",Consumer Cyclical,7.1,0.0,2.9,4.2,Moderate Controversy Level,2.0,1st percentile,Negligible,96.48,20.57,2.2304833,4.34,12732072001.0,1028425000.0,3.2375681,5.82,8.73,4.4983416252072965,0
HAL,Halliburton Company,Energy,25.6,9.8,8.9,6.9,Moderate Controversy Level,2.0,52nd percentile,Medium,47.41,38.86,1.4489837,-0.53,43356557470.0,2910000000.0,2.1424224,4.74,7.11,-1.117907614427336,1
GS,Goldman Sachs Group Inc.,Financial Services,25.5,0.9,12.8,11.8,Moderate Controversy Level,2.0,51st percentile,Medium,246.35,12.44,1.1668612,8.61,96978500251.0,0.0,2.309415,1.25,1.875,3.495027400040592,1
GPN,"Global Payments, Inc.",Industrials,20.9,3.7,10.7,6.5,Low Controversy Level,1.0,31st percentile,Medium,100.59,27.86,0.037622273,1.58,16920023264.0,960345000.0,5.775833,4.73,7.095000000000001,1.5707326772044936,1
GILD,Gilead Sciences Inc,Healthcare,23.0,1.0,14.3,7.6,Moderate Controversy Level,2.0,40th percentile,Medium,78.22,8.16,2.754954,9.95,108106822109.0,17590000000.0,5.2087464,4.12,6.18,12.72053183329072,1
GPC,Genuine Parts Company,Consumer Cyclical,13.7,4.7,5.2,3.8,Moderate Controversy Level,2.0,8th percentile,Low,96.31,21.17,2.7198548,4.6,14554321748.0,1201517000.0,1.212236,4.33,6.495,4.776243380749662,0
GM,General Motors Company,Consumer Cyclical,28.5,9.8,11.5,7.2,High Controversy Level,4.0,63rd percentile,Medium,40.75,6.58,3.5857513,6.0,61536606173.0,23541000000.0,0.5633218,1.33,1.995,14.723926380368098,1
GIS,"General Mills, Inc.",Consumer Defensive,21.1,8.3,8.7,4.1,Moderate Controversy Level,2.0,32nd percentile,Medium,53.99,17.53,3.5864594,2.77,31098243069.0,3107600000.0,2.0389178,7.26,10.89,5.130579736988331,1
GE,General Electric Company,Industrials,40.5,14.2,15.4,10.9,Significant Controversy Level,3.0,92nd percentile,Severe,14.45,13.76,3.147541,-0.72,132249296250.0,-206000000.0,1.0887611,1.7,2.55,-4.982698961937716,1
GD,General Dynamics Corporation,Industrials,35.2,9.4,18.9,6.9,Significant Controversy Level,3.0,84th percentile,High,206.05,20.71,1.5631542,9.55,64180390701.0,4618000000.0,2.0481362,5.45,8.175,4.634797379276875,1
IT,"Gartner, Inc.",Technology,18.9,0.1,13.2,5.6,Low Controversy Level,1.0,24th percentile,Low,114.26,36.86,0.0,2.31,10828314389.0,234935000.0,4.894499,13.47,20.205000000000002,2.0217048835988094,0
GRMN,Garmin Ltd,Technology,20.7,4.8,11.6,4.3,Low Controversy Level,1.0,30th percentile,Medium,61.13,21.23,3.2339885,2.69,11840331607.0,736798000.0,5.319881,3.14,4.71,4.400458040242107,1
FCX,Freeport-Mcmoran Inc.,Basic Materials,31.6,15.3,10.0,6.4,High Controversy Level,4.0,74th percentile,High,17.16,14.67,1.1198208,1.24,25853969330.0,5347000000.0,1.6538345,3.66,5.49,7.226107226107226,1
BEN,"Franklin Resources, Inc.",Financial Services,18.3,1.1,9.9,7.3,Moderate Controversy Level,2.0,22nd percentile,Low,38.0,12.67,2.332657,3.0,21759187973.0,2711300000.0,3.399101,1.83,2.745,7.894736842105263,0
FOX,Fox Corporation Class B,Communication Services,21.53372093023256,,,,,,,Medium,34.09,17.57,1.0084034,1.59,66135313503.0,5280000000.0,3.1654842,4.04,6.0600000000000005,4.664124376650044,1
FOXA,Fox Corporation Class A,Communication Services,21.53372093023256,,,,,,,Medium,34.56,17.81,0.9983361,1.59,44027094922.0,5280000000.0,2.1080317,4.11,6.165000000000001,4.600694444444444,1
FTV,Fortive Corporation,Technology,34.8,16.1,14.0,4.7,Low Controversy Level,1.0,83rd percentile,High,69.14,25.05,0.39057052,2.46,24916503061.0,1508300000.0,5.1682673,7.17,10.754999999999999,3.557998264391091,1
F,Ford Motor Company,Consumer Cyclical,22.4,7.4,6.4,8.5,Significant Controversy Level,3.0,37th percentile,Medium,10.43,5.89,6.7843866,1.9,42414328338.0,9281000000.0,0.27054095,1.26,1.8900000000000001,18.21668264621285,1
FMC,Fmc Corporation,Basic Materials,30.7,14.4,8.9,7.5,Low Controversy Level,1.0,72nd percentile,High,80.87,32.48,0.785995,1.56,11273961835.0,557800000.0,6.0089035,5.26,7.89,1.9290218869791023,1
FE,Firstenergy Corp.,Utilities,25.6,10.8,9.0,5.8,Significant Controversy Level,3.0,51st percentile,Medium,30.64,11.18,4.673807,-14.49,13706075072.0,-5067000000.0,1.2994481,2.19,3.285,-47.2911227154047,1
FITB,Fifth Third Bancorp,Financial Services,16.8,1.2,8.1,7.5,Moderate Controversy Level,2.0,17th percentile,Low,31.1,16.9,1.9789734,2.85,22437653700.0,0.0,2.8802848,1.46,2.19,9.163987138263666,0
FIS,"Fidelity National Information Services, Inc.",Technology,17.5,4.1,8.2,5.2,Low Controversy Level,1.0,19th percentile,Low,92.74,22.08,1.322724,1.72,32308459680.0,2782000000.0,4.7038417,3.25,4.875,1.8546474013370715,0
FDX,Fedex Corporation,Industrials,19.7,5.7,8.4,5.6,Moderate Controversy Level,2.0,27th percentile,Low,239.27,19.45,0.7963368,11.07,67280478816.0,8062000000.0,1.0751684,3.9,5.85,4.626572491327789,0
FRT,Federal Realty Investment Trust,Real Estate,12.4,2.3,4.3,5.8,Low Controversy Level,1.0,4th percentile,Low,108.11,18.35,3.5925992,3.5,8077368506.0,540767000.0,12.898601,3.98,5.97,3.2374433447414668,0
FAST,Fastenal Co,Industrials,24.7,9.3,8.3,7.1,Moderate Controversy Level,2.0,48th percentile,Medium,52.15,27.02,2.7798648,2.01,15311373377.0,1009600000.0,3.472977,7.39,11.084999999999999,3.854266538830297,1
FFIV,"F5, Inc.",Technology,17.1,4.1,7.6,5.4,Low Controversy Level,1.0,18th percentile,Low,137.25,21.21,0.0,6.51,8744185796.0,629940000.0,4.1203604,6.86,10.290000000000001,4.743169398907104,0
XOM,Exxon Mobil Corporation,Energy,41.6,23.1,10.0,8.5,Significant Controversy Level,3.0,93rd percentile,Severe,76.07,21.37,4.0031195,1.88,326148660000.0,39052000000.0,1.7701944,1.85,2.7750000000000004,2.4714079137636387,1
EXR,"Extra Space Storage, Inc.",Real Estate,15.2,4.2,3.7,7.3,Low Controversy Level,1.0,12th percentile,Low,77.56,18.12,3.879632,2.92,10133547517.0,717468000.0,12.204818,4.54,6.8100000000000005,3.7648272305312016,0
EXPD,"Expeditors International of Washington, Inc.",Industrials,16.6,4.2,7.6,4.8,Moderate Controversy Level,2.0,16th percentile,Low,60.36,25.26,1.3520038,2.36,11040678071.0,721643000.0,2.190319,5.55,8.325,3.90987408880053,0
EXPE,"Expedia Group, Inc.",Consumer Cyclical,27.6,4.3,13.3,10.1,Moderate Controversy Level,2.0,60th percentile,Medium,123.03,30.99,0.92785895,1.81,19722178609.0,1481458000.0,2.5074897,4.14,6.209999999999999,1.4711858896204177,1
EXC,Exelon Corporation,Utilities,22.9,7.4,9.1,6.4,Significant Controversy Level,3.0,39th percentile,Medium,35.98,14.51,3.8174274,1.23,34734816899.0,8548000000.0,1.3933871,1.26,1.8900000000000001,3.418565869927738,1
ES,Eversource Energy,Utilities,18.6,4.7,8.6,5.4,Moderate Controversy Level,2.0,23rd percentile,Low,56.11,18.22,3.3397784,2.96,18027633617.0,2738713000.0,3.1134193,1.68,2.52,5.2753519871680625,0
ESS,"Essex Property Trust, Inc",Real Estate,12.4,3.5,2.8,6.1,Low Controversy Level,1.0,6th percentile,Low,218.28,18.66,3.2138102,6.27,14383525286.0,1237886000.0,14.1830845,2.3,3.4499999999999997,2.872457394172622,0
EQR,Equity Residential,Real Estate,11.9,3.0,2.9,6.1,Low Controversy Level,1.0,5th percentile,Low,55.26,17.6,3.5437918,1.63,20925508143.0,1710686000.0,8.593619,2.09,3.135,2.949692363373145,0
EQIX,"Equinix, Inc. Reit",Real Estate,13.9,3.4,5.3,5.1,Low Controversy Level,1.0,9th percentile,Low,409.98,23.06,1.8775817,1.77,33333813618.0,1687152000.0,10.639136,5.14,7.709999999999999,0.4317283769939997,0
EFX,"Equifax, Incorporated",Industrials,23.2,0.1,16.3,6.8,Significant Controversy Level,3.0,41st percentile,Medium,114.0,19.03,1.3265306,4.04,14121334618.0,1141200000.0,5.6338058,4.59,6.885,3.543859649122807,1
EQT,Eqt Corp,Energy,35.7,17.7,10.1,7.9,Low Controversy Level,1.0,85th percentile,High,46.25,53.16,0.2518363,-2.69,12638828950.0,1518305000.0,6.4987307,2.15,3.2249999999999996,-5.816216216216216,1
EOG,"Eog Resources, Inc.",Energy,34.2,20.2,6.7,7.3,Low Controversy Level,1.0,81st percentile,High,101.04,246.44,0.63339007,-1.98,61164030149.0,3692749000.0,8.02302,4.55,6.824999999999999,-1.9596199524940616,1
ETR,Entergy Corporation,Utilities,26.7,14.0,7.3,5.3,Moderate Controversy Level,2.0,56th percentile,Medium,72.02,10.65,4.892126,-3.26,13116894887.0,880700000.0,1.5543115,1.54,2.31,-4.5265204109969455,1
EMR,Emerson Electric Co.,Industrials,28.4,8.8,13.1,6.6,Low Controversy Level,1.0,62nd percentile,Medium,66.4,25.74,2.813225,2.35,44040298425.0,2542000000.0,3.6707752,5.01,7.515,3.5391566265060237,1
LLY,Eli Lilly & Co.,Healthcare,24.3,2.5,12.6,9.1,Moderate Controversy Level,2.0,46th percentile,Medium,74.21,17.34,2.9327424,-0.2,84475986228.0,3459800000.0,3.754678,5.73,8.595,-0.2695054574855141,1
EA,Electronic Arts Inc,Communication Services,13.3,0.1,8.4,4.7,Moderate Controversy Level,2.0,7th percentile,Low,116.54,34.48,0.0,3.07,37890226992.0,1560000000.0,7.4415817,8.54,12.809999999999999,2.6342886562553627,0
EW,Edwards Lifesciences Corp,Healthcare,18.6,2.9,8.1,7.6,Low Controversy Level,1.0,23rd percentile,Low,123.78,32.57,0.0,2.88,27447099863.0,1156700000.0,7.8283277,8.48,12.72,2.32670867668444,0
EIX,Edison International,Utilities,27.5,11.0,11.4,5.1,Significant Controversy Level,3.0,59th percentile,Medium,58.07,13.23,4.0542803,3.96,19447670886.0,4284000000.0,2.161095,1.59,2.3850000000000002,6.8193559497158605,1
ECL,"Ecolab, Inc.",Basic Materials,19.9,8.5,6.1,5.3,Moderate Controversy Level,2.0,27th percentile,Low,127.76,28.08,1.2319711,4.14,38460272282.0,2848600000.0,3.7360687,5.28,7.92,3.240450845335003,0
EBAY,Ebay Inc,Consumer Cyclical,17.6,2.7,7.7,7.2,Moderate Controversy Level,2.0,19th percentile,Low,41.02,24.86,0.0,-1.07,44216696399.0,2941000000.0,4.6720185,3.8,5.699999999999999,-2.6084836665041444,0
ETN,"Eaton Corporation, Plcs",Industrials,17.9,5.5,6.8,5.7,Low Controversy Level,1.0,20th percentile,Low,79.41,17.08,2.9404557,6.68,35961772000.0,4253000000.0,1.8161736,2.17,3.255,8.412038786047098,0
DUK,Duke Energy Corporation,Utilities,27.0,11.5,10.7,4.8,Moderate Controversy Level,2.0,57th percentile,Medium,74.32,16.7,4.7849464,3.12,52078185682.0,9895000000.0,2.9348857,1.27,1.905,4.198062432723359,1
DTE,Dte Energy Company,Utilities,29.8,15.0,10.0,4.7,Moderate Controversy Level,2.0,68th percentile,Medium,98.49,19.12,3.5559585,4.82,17808073691.0,2790000000.0,1.9091922,1.95,2.925,4.893897857650523,1
DOV,Dover Corporation,Industrials,25.9,8.0,12.5,5.4,Low Controversy Level,1.0,53rd percentile,Medium,96.2,23.87,1.8815053,5.15,15566645713.0,1513291000.0,1.986176,3.59,5.385,5.353430353430354,1
D,"Dominion Energy, Inc",Utilities,26.4,11.9,8.8,5.6,Moderate Controversy Level,2.0,55th percentile,Medium,73.31,20.42,4.5281997,4.91,47543571860.0,6428000000.0,3.7954214,2.96,4.4399999999999995,6.697585595416723,1
DLTR,Dollar Tree Inc.,Consumer Defensive,20.1,3.3,12.8,4.0,Moderate Controversy Level,2.0,28th percentile,Medium,101.58,26.66,0.0,3.77,25151198417.0,2430300000.0,1.6097589,4.08,6.12,3.711360504036228,1
DG,Dollar General Corp.,Consumer Defensive,17.6,3.5,8.6,5.5,Moderate Controversy Level,2.0,19th percentile,Low,95.1,21.18,1.0625255,4.43,26580644874.0,2457604000.0,1.5283886,4.53,6.795,4.658254468980021,0
DFS,Discover Financial Services,Financial Services,22.5,0.1,11.9,10.5,Moderate Controversy Level,2.0,38th percentile,Medium,72.4,12.13,1.8269607,5.41,27433540000.0,0.0,2.3610325,2.52,3.7800000000000002,7.472375690607734,1
DLR,"Digital Realty Trust, Inc.",Real Estate,12.6,2.8,2.8,7.0,None Controversy Level,,6th percentile,Low,98.96,16.55,3.5710857,2.19,21400952517.0,1260662000.0,12.434961,2.32,3.4799999999999995,2.2130153597413096,0
DVN,Devon Energy Corporation,Energy,33.8,17.7,8.6,7.5,Moderate Controversy Level,2.0,80th percentile,High,34.94,23.93,0.6528836,-6.89,19317380000.0,3723000000.0,2.0660408,2.85,4.275,-19.719519175729822,1
DAL,"Delta Air Lines, Inc.",Industrials,30.3,9.9,14.6,5.8,Moderate Controversy Level,2.0,70th percentile,High,51.23,10.37,2.2655525,4.94,38393603535.0,8348000000.0,0.91792434,2.67,4.005,9.64278742924068,1
DE,Deere & Company,Industrials,20.0,2.7,10.8,6.5,Moderate Controversy Level,2.0,28th percentile,Low,153.66,23.14,1.4866204,6.64,52186628646.0,4053300000.0,2.3746448,5.31,7.965,4.32122868671092,0
DHR,Danaher Corporation,Healthcare,11.9,1.4,5.2,5.3,Moderate Controversy Level,2.0,5th percentile,Low,92.16,22.87,0.5879265,3.53,66351150000.0,4339800000.0,3.688278,2.65,3.9749999999999996,3.830295138888889,0
DHI,D.R. Horton Inc.,Consumer Cyclical,21.0,8.7,6.7,5.7,Moderate Controversy Level,2.0,32nd percentile,Medium,44.55,16.32,1.0801469,2.73,17390873686.0,1691000000.0,1.1931022,2.17,3.255,6.127946127946128,1
CVS,Cvs Health Corporation,Healthcare,22.0,0.0,15.8,6.2,Significant Controversy Level,3.0,36th percentile,Medium,70.55,12.36,2.6899798,4.91,75323141722.0,11704000000.0,0.549852,2.13,3.195,6.959603118355777,1
CMI,Cummins Inc.,Industrials,19.3,5.6,7.7,5.9,Moderate Controversy Level,2.0,25th percentile,Low,165.73,16.83,2.5008683,8.23,28669230787.0,2924000000.0,1.9406168,3.89,5.835,4.9659084052374345,0
CSX,Csx Corporation,Industrials,21.9,7.0,10.0,4.8,Moderate Controversy Level,2.0,36th percentile,Medium,50.47,21.94,1.5102888,6.07,47340511707.0,5003000000.0,4.216355,4.27,6.404999999999999,12.026946701010502,1
CCI,Crown Castle Inc.,Real Estate,10.1,4.1,1.7,4.3,None Controversy Level,,3rd percentile,Low,103.81,21.45,3.862069,1.02,44183023189.0,2292600000.0,10.125291,3.54,5.3100000000000005,0.9825643001637607,0
COST,Costco Wholesale Corp,Consumer Defensive,23.3,6.5,11.2,5.6,Significant Controversy Level,3.0,41st percentile,Medium,178.61,30.69,1.0917627,6.09,80439804508.0,5679000000.0,0.61203885,7.24,10.86,3.4096635126812602,1
GLW,Corning Incorporated,Technology,16.5,5.5,4.8,6.1,Moderate Controversy Level,2.0,16th percentile,Low,28.45,16.45,2.0791416,-0.78,25759280346.0,2970000000.0,2.544682,1.71,2.565,-2.741652021089631,0
STZ,"Constellation Brands, Inc.",Consumer Defensive,24.7,9.4,10.0,5.2,Moderate Controversy Level,2.0,48th percentile,Medium,208.73,30.92,0.9712818,8.71,41697453163.0,3033300000.0,5.145596,5.14,7.709999999999999,4.172854884300293,1
ED,"Consolidated Edison, Inc.",Utilities,23.8,6.9,10.9,6.1,Significant Controversy Level,3.0,44th percentile,Medium,74.73,18.64,3.8001595,4.1,23335777662.0,4288000000.0,2.960244,1.58,2.37,5.486417770640974,1
COP,Conocophillips,Energy,33.9,17.6,8.1,8.3,Moderate Controversy Level,2.0,81st percentile,High,53.24,72.93,2.049254,-0.65,65482462410.0,5328000000.0,2.0764177,2.16,3.24,-1.220886551465064,1
CAG,"Conagra Brands, Inc.",Consumer Defensive,30.8,10.7,15.4,4.7,Moderate Controversy Level,2.0,72nd percentile,High,35.49,18.2,2.3683476,1.46,14379717835.0,1281200000.0,1.8294994,3.86,5.79,4.113834883065652,1
CMA,Comerica Incorporated,Financial Services,25.2,2.5,11.0,11.7,Moderate Controversy Level,2.0,50th percentile,Medium,89.18,18.89,1.2823253,4.13,16274969256.0,0.0,4.905472,1.96,2.94,4.631083202511774,1
CMCSA,Comcast Corp,Communication Services,23.1,4.0,10.9,8.2,Moderate Controversy Level,2.0,41st percentile,Medium,38.19,18.54,1.8929017,4.74,186476996883.0,28675000000.0,2.1797748,2.65,3.9749999999999996,12.41162608012569,1
CL,Colgate-Palmolive Company,Consumer Defensive,26.2,8.3,11.3,6.5,Moderate Controversy Level,2.0,54th percentile,Medium,68.95,24.02,2.2801766,2.28,61616643498.0,4064000000.0,4.000737,236.42,354.63,3.3067440174039153,1
CTSH,Cognizant Technology Solutions,Technology,14.7,1.1,7.6,5.9,Moderate Controversy Level,2.0,10th percentile,Low,75.16,22.44,1.0454783,2.54,45119684067.0,2946000000.0,3.9678397,3.94,5.91,3.3794571580627992,0
KO,Coca-Cola Company,Consumer Defensive,21.6,7.2,9.5,4.9,Significant Controversy Level,3.0,35th percentile,Medium,43.1,22.8,3.3213644,1.49,189855335601.0,8589000000.0,6.822138,8.65,12.975000000000001,3.4570765661252896,1
CMS,Cms Energy Corporation,Utilities,21.7,9.6,6.8,5.2,Moderate Controversy Level,2.0,35th percentile,Medium,41.77,21.42,3.3918407,1.99,11873960824.0,2099000000.0,2.4711676,2.65,3.9749999999999996,4.764184821642327,1
CME,Cme Group Inc.,Financial Services,17.8,2.1,6.5,9.2,Low Controversy Level,1.0,20th percentile,Low,153.04,32.15,3.6828613,11.94,54423298745.0,2851800000.0,14.881806,2.51,3.7649999999999997,7.801881860951386,0
CLX,Clorox Company,Consumer Defensive,21.6,7.7,8.6,5.3,Moderate Controversy Level,2.0,35th percentile,Medium,127.76,23.44,2.6286967,5.33,16540418002.0,1295000000.0,2.798683,21.62,32.43,4.1718847839699436,1
CFG,"Citizens Financial Group, Inc.",Financial Services,23.5,2.0,10.1,11.4,Moderate Controversy Level,2.0,42nd percentile,Medium,42.19,16.04,1.9625335,3.27,22008050974.0,0.0,3.3917346,1.08,1.62,7.750651813225884,1
C,Citigroup Inc.,Financial Services,29.2,1.8,13.8,13.7,High Controversy Level,4.0,66th percentile,Medium,71.87,13.48,1.7068943,-3.1,192709302000.0,0.0,2.1857586,0.9,1.35,-4.313343536941701,1
CSCO,"Cisco Systems, Inc.",Technology,13.9,0.4,6.9,6.5,Moderate Controversy Level,2.0,8th percentile,Low,38.77,17.87,2.8755577,1.91,199425716482.0,15447000000.0,5.484418,3.07,4.6049999999999995,4.926489553778694,0
CTAS,Cintas Corp,Industrials,18.1,3.0,9.2,5.9,Moderate Controversy Level,2.0,21st percentile,Low,149.32,32.75,1.0344827,4.38,16676145923.0,1097295000.0,2.7614057,6.53,9.795,2.933297615858559,0
CINF,Cincinnati Financial Corp,Financial Services,25.6,1.8,11.0,12.9,Low Controversy Level,1.0,52nd percentile,Medium,70.34,27.48,2.918904,3.55,11916533018.0,0.0,2.756679,1.6,2.4000000000000004,5.046914984361671,1
CHD,"Church & Dwight Co., Inc.",Consumer Defensive,19.9,6.9,6.3,6.7,Low Controversy Level,1.0,27th percentile,Low,47.38,24.42,1.8366054,2.92,11838963451.0,868000000.0,3.1682448,6.28,9.42,6.162937948501477,0
CB,Chubb Limited,Financial Services,23.6,1.5,11.5,10.6,Moderate Controversy Level,2.0,43rd percentile,Medium,140.39,17.5,1.9251627,8.2,68424670566.0,0.0,2.0985637,1.35,2.0250000000000004,5.840871856969869,1
CMG,"Chipotle Mexican Grill, Inc.",Consumer Cyclical,20.7,6.8,9.6,4.3,Moderate Controversy Level,2.0,30th percentile,Medium,266.01,45.86,0.0,0.8,7685283970.0,401293000.0,2.5523853,6.11,9.165000000000001,0.3007405736626443,1
CVX,Chevron Corporation,Energy,36.6,17.0,9.2,10.4,Significant Controversy Level,3.0,87th percentile,High,112.3,27.52,3.885853,4.85,218978820159.0,28877000000.0,1.6489863,1.71,2.565,4.318788958147818,1
CHTR,Charter Comm Inc Del Cl a,Communication Services,24.7,6.1,10.7,7.9,Moderate Controversy Level,2.0,48th percentile,Medium,348.65,162.92,0.0,34.08,86708878113.0,14694000000.0,2.1208634,2.27,3.4050000000000002,9.774845833930875,1
CF,"Cf Industries Holding, Inc.",Basic Materials,29.3,16.2,7.7,5.4,Low Controversy Level,1.0,66th percentile,Medium,37.46,-59.46,3.0395136,-1.2,9209106695.0,711000000.0,3.0044448,2.81,4.215,-3.203416978109984,1
CNP,"Centerpoint Energy, Inc.",Utilities,28.7,12.9,10.7,5.1,Moderate Controversy Level,2.0,64th percentile,Medium,25.85,19.73,4.2109256,1.0,11362043297.0,2337000000.0,1.6262617,3.21,4.8149999999999995,3.8684719535783363,1
CNC,Centene Corporation,Healthcare,19.9,0.1,13.3,6.5,Moderate Controversy Level,2.0,28th percentile,Low,100.36,19.12,0.0,3.23,18012494506.0,2063000000.0,0.5028663,2.58,3.87,3.21841371064169,0
CBOE,"Cboe Global Markets, Inc.",Financial Services,21.0,2.7,7.6,10.6,Low Controversy Level,1.0,32nd percentile,Medium,111.15,35.06,0.9426963,2.27,12998295607.0,488406000.0,8.249042,5.15,7.7250000000000005,2.0422852001799368,1
CAT,Caterpillar Inc.,Industrials,36.2,10.4,17.7,8.1,High Controversy Level,4.0,86th percentile,High,145.99,21.22,2.0215108,1.26,91822049046.0,8136000000.0,2.0468428,5.75,8.625,0.863072813206384,1
CCL,Carnival Corporation,Consumer Cyclical,24.5,9.4,10.1,5.0,Significant Controversy Level,3.0,47th percentile,Medium,66.76,17.48,2.6041667,3.58,49180044050.0,4711000000.0,2.8147783,2.0,3.0,5.36249251048532,1
KMX,Carmax Inc.,Consumer Cyclical,12.1,0.1,8.0,4.0,Moderate Controversy Level,2.0,5th percentile,Low,64.34,19.44,0.0,3.97,11827453706.0,1339628000.0,0.6913859,3.55,5.324999999999999,6.170345041964563,0
CAH,"Cardinal Health, Inc.",Healthcare,14.9,1.2,7.3,6.4,Significant Controversy Level,3.0,11th percentile,Low,66.63,12.29,2.8394227,4.04,20493281175.0,1913000000.0,0.21131156,3.03,4.545,6.063334834158788,0
COF,Capital One Financial,Financial Services,22.5,0.1,12.3,10.1,Significant Controversy Level,3.0,38th percentile,Medium,91.8,11.85,1.6306564,3.45,47637260000.0,0.0,1.5931405,0.94,1.41,3.7581699346405233,1
CPB,Campbell Soup Company,Consumer Defensive,23.5,10.9,8.1,4.5,Moderate Controversy Level,2.0,42nd percentile,Medium,44.83,14.84,3.125,2.89,13467193376.0,1683000000.0,2.3898203,7.91,11.865,6.4465759536024985,1
CDNS,Cadence Design Systems,Technology,12.0,2.3,4.9,4.8,None Controversy Level,,5th percentile,Low,36.82,34.09,0.0,0.74,10890625200.0,455607000.0,5.751737,10.98,16.47,2.009777294948398,0
CHRW,"C.H. Robinson Worldwide, Inc.",Industrials,19.3,4.7,9.3,5.3,Low Controversy Level,1.0,26th percentile,Low,90.47,26.0,1.987685,3.57,12932483889.0,868096000.0,0.85282737,9.31,13.965,3.946059467226705,0
BF.B,Brown-Forman Corporation Class B,,21.53372093023256,,,,,,,Medium,63.33,37.04,1.1216964,1.7,5498033502.0,1139000000.0,1.8411398,12.36,18.54,2.684351807989894,1
AVGO,Broadcom Inc.,Technology,20.0,7.3,6.0,6.6,Significant Controversy Level,3.0,28th percentile,Low,229.57,15.94,2.9488583,4.01,92791974933.0,7016000000.0,6.961893,4.4,6.6000000000000005,1.7467439125321251,0
BMY,Bristol-Myers Squibb Co.,Healthcare,22.7,1.3,14.4,7.1,Moderate Controversy Level,2.0,39th percentile,Medium,62.69,20.83,2.5546863,2.65,102506501960.0,5170000000.0,6.503231,6.75,10.125,4.2271494656245014,1
BSX,Boston Scientific Corp.,Healthcare,23.1,2.4,11.9,8.9,Moderate Controversy Level,2.0,41st percentile,Medium,25.2,20.0,0.0,0.07,36142506007.0,1726000000.0,4.055685,4.78,7.17,0.27777777777777785,1
BXP,"Boston Properties, Inc.",Real Estate,12.5,2.5,4.5,5.4,Low Controversy Level,1.0,6th percentile,Low,112.09,18.05,2.7744062,2.93,17799878487.0,1546846000.0,6.839459,3.15,4.725,2.6139709162280313,0
BWA,Borgwarner Inc.,Consumer Cyclical,12.6,2.7,4.2,5.7,Moderate Controversy Level,2.0,6th percentile,Low,51.94,14.15,1.2363636,0.55,11596117445.0,867900000.0,1.5831376,2.89,4.335,1.058914131690412,0
BA,Boeing Company,Industrials,39.6,8.8,22.5,8.3,High Controversy Level,4.0,91st percentile,High,329.66,27.29,1.9648397,13.47,205617405233.0,12476000000.0,2.1560605,182.86,274.29,4.086028028878238,1
BLK,"Blackrock, Inc.",Financial Services,18.3,0.9,7.4,10.0,Moderate Controversy Level,2.0,21st percentile,Low,509.38,22.49,2.1643558,30.3,85907759858.0,5684000000.0,6.9158196,2.95,4.425000000000001,5.948407868389022,0
BIIB,Biogen Inc.,Healthcare,22.2,0.4,14.5,7.4,Significant Controversy Level,3.0,37th percentile,Medium,311.79,14.3,0.0,11.94,69157726427.0,6511400000.0,5.737439,5.51,8.265,3.8295006254209563,1
BBY,"Best Buy Company, Inc.",Consumer Cyclical,15.9,2.4,9.1,4.4,Moderate Controversy Level,2.0,14th percentile,Low,68.79,19.22,1.9085041,3.81,20831186176.0,2555000000.0,0.76715523,4.79,7.1850000000000005,5.538595726122983,0
BDX,"Becton, Dickinson and Co.",Healthcare,23.8,3.0,13.6,7.1,Significant Controversy Level,3.0,44th percentile,Medium,211.44,22.28,1.3518385,4.65,50910180308.0,1537000000.0,5.6912947,3.98,5.97,2.199205448354143,1
BAX,Baxter International Inc.,Healthcare,23.6,2.8,13.6,7.1,Significant Controversy Level,3.0,43rd percentile,Medium,62.56,25.12,0.97635394,1.29,35713732553.0,1832000000.0,3.4394414,3.77,5.655,2.0620204603580565,1
BK,Bank of New York Mellon Corporation,Financial Services,20.9,1.1,9.9,9.9,Moderate Controversy Level,2.0,31st percentile,Medium,53.29,14.76,1.7347307,3.73,56083904906.0,0.0,3.3834257,1.49,2.235,6.99943704259711,1
BAC,Bank of America Corporation,Financial Services,28.3,1.7,15.1,11.5,Significant Controversy Level,3.0,62nd percentile,Medium,29.74,16.34,1.536,1.55,321478200969.0,0.0,3.2011874,1.24,1.8599999999999999,5.211835911230666,1
AVY,Avery Dennison Corp.,Consumer Cyclical,16.1,11.4,0.9,3.7,Low Controversy Level,1.0,14th percentile,Low,110.77,22.11,1.5682175,3.11,10104814319.0,831200000.0,1.5206499,8.83,13.245000000000001,2.807619391532003,0
AVB,"Avalonbay Communities, Inc.",Real Estate,9.8,3.0,2.0,4.8,Low Controversy Level,1.0,3rd percentile,Negligible,154.94,17.97,3.7149355,6.36,21856547430.0,1331579000.0,10.251216,2.12,3.18,4.104814767006584,0
AZO,"Autozone, Inc.",Consumer Cyclical,11.0,0.1,7.1,3.8,Moderate Controversy Level,2.0,4th percentile,Low,718.57,16.31,0.0,44.09,19922021415.0,2347304000.0,1.8510429,136.23,204.34499999999997,6.135797486674924,0
ADP,Automatic Data Processing,Industrials,13.8,2.8,5.5,5.5,Low Controversy Level,1.0,8th percentile,Low,108.25,29.34,2.2190912,3.85,50337702249.0,2767400000.0,4.0483294,12.86,19.29,3.556581986143187,0
ADSK,Autodesk Inc,Technology,16.8,3.7,8.2,4.9,None Controversy Level,,16th percentile,Low,104.81,-77.07,0.0,-2.61,24348294504.0,-378100000.0,16.50682,224.13,336.195,-2.4902203988169065,0
T,At&t Inc.,Communication Services,23.9,3.3,13.9,6.7,Significant Controversy Level,3.0,44th percentile,Medium,35.57,12.14,5.4156513,4.76,226713270000.0,49653000000.0,1.4083152,1.8,2.7,13.382063536688218,1
AIZ,"Assurant, Inc.",Financial Services,24.1,1.6,10.8,11.7,Moderate Controversy Level,2.0,45th percentile,Medium,85.16,33.27,2.5313594,9.08,4653993594.0,0.0,0.9821866,1.12,1.6800000000000002,10.662282761860029,1
AJG,Arthur J. Gallagher & Co.,Financial Services,21.2,0.1,10.9,10.1,Moderate Controversy Level,2.0,33rd percentile,Medium,64.4,21.05,2.4807138,2.54,11968488290.0,888000000.0,1.9400215,2.92,4.38,3.944099378881987,1
ADM,Archer Daniels Midland Company,Consumer Defensive,31.8,16.6,10.1,5.0,Significant Controversy Level,3.0,75th percentile,High,41.35,17.45,3.1761081,2.17,23594770663.0,2927000000.0,0.52478915,1.29,1.935,5.2478839177750904,1
APTV,Aptiv Plc,Consumer Cyclical,10.7,1.5,3.9,5.3,Low Controversy Level,1.0,3rd percentile,Low,89.27,69.74,0.9392678,5.05,24906530300.0,2370000000.0,1.5025798,7.56,11.34,5.656995631231097,0
AMAT,Applied Materials Inc,Technology,12.7,4.5,3.0,5.3,Low Controversy Level,1.0,6th percentile,Low,45.75,14.08,0.8215239,3.17,51296481503.0,4336000000.0,4.7020154,5.44,8.16,6.92896174863388,0
AAPL,Apple Inc.,Technology,17.2,0.5,7.4,9.4,Significant Controversy Level,3.0,18th percentile,Low,155.15,16.86,1.5795412,9.2,809508034020.0,79386000000.0,3.4586093,5.66,8.49,5.929745407669996,0
APA,Apa Corporation,Energy,38.8,22.0,8.9,8.0,Moderate Controversy Level,2.0,83rd percentile,High,37.73,-251.53,2.528445,-3.72,15066280977.0,3265000000.0,3.651366,2.22,3.33,-9.859528226875167,1
AON,Aon Plc Class A,Financial Services,21.53372093023256,,,,,,,Medium,136.05,20.8,1.0245464,4.66,35123123422.0,1858000000.0,3.4972682,6.78,10.17,3.4252113193678797,1
ANSS,Ansys Inc,Technology,15.9,3.5,7.3,5.1,None Controversy Level,,14th percentile,Low,148.84,42.53,0.0,2.99,13155919129.0,458515000.0,16.8134,5.79,8.685,2.0088685837140554,0
ADI,"Analog Devices, Inc.",Technology,22.9,9.3,6.7,7.0,Low Controversy Level,1.0,40th percentile,Medium,82.68,17.67,2.108963,2.11,31811578855.0,1663384000.0,8.00391,3.13,4.695,2.5520077406869857,1
APH,Amphenol Corporation,Technology,19.6,7.3,4.6,7.6,Moderate Controversy Level,2.0,26th percentile,Low,84.44,25.9,0.8608971,2.05,26955335395.0,1671700000.0,3.85675,6.64,9.959999999999999,2.427759355755566,0
AMGN,Amgen Inc,Healthcare,22.0,0.7,13.5,7.8,Significant Controversy Level,3.0,36th percentile,Medium,173.12,13.76,2.9751508,2.57,128133340000.0,11945000000.0,5.58192,3.91,5.865,1.4845194085027724,1
AME,"Ametek, Inc.",Industrials,23.9,8.6,8.5,6.7,Low Controversy Level,1.0,44th percentile,Medium,72.05,27.61,0.75512403,2.94,17139651923.0,1025763000.0,4.015368,4.54,6.8100000000000005,4.0804996530187365,1
AMP,"Ameriprise Financial, Inc.",Financial Services,20.3,2.1,7.8,10.3,Moderate Controversy Level,2.0,29th percentile,Medium,152.5,12.41,2.0735743,9.44,23472126000.0,0.0,1.9493247,3.73,5.595,6.190163934426229,1
AWK,"American Water Works Company, Inc",Utilities,21.6,9.0,7.6,5.0,Low Controversy Level,1.0,34th percentile,Medium,76.06,26.23,2.129297,2.63,13906146184.0,1711000000.0,5.553833,2.55,3.8249999999999997,3.4577964764659477,1
AMT,American Tower Corporation,Real Estate,10.9,2.9,2.8,5.2,Low Controversy Level,1.0,4th percentile,Low,133.57,20.68,2.0,1.97,59213892640.0,3792383000.0,11.954137,9.22,13.830000000000002,1.474882084300367,0
AIG,"American International Group, Inc.",Financial Services,24.2,1.6,9.7,12.9,Moderate Controversy Level,2.0,46th percentile,Medium,58.28,23.22,2.1167521,-0.76,54360073164.0,0.0,1.4686536,0.75,1.125,-1.3040494166094716,1
AXP,American Express Company,Financial Services,18.6,0.1,8.9,9.7,Moderate Controversy Level,2.0,23rd percentile,Low,88.34,15.0,1.4955667,2.9,80410990000.0,0.0,2.273575,3.75,5.625,3.2827711116142173,0
AEP,"American Electric Power Company, Inc.",Utilities,26.1,12.7,8.1,5.4,Moderate Controversy Level,2.0,54th percentile,Medium,63.38,17.32,3.8479443,1.24,31701916517.0,4450800000.0,2.7489934,1.81,2.715,1.9564531397917324,1
AAL,American Airlines Group Inc.,Industrials,26.4,9.9,11.6,4.8,Moderate Controversy Level,2.0,54th percentile,Medium,48.6,9.92,0.7782101,3.91,24594852352.0,5761000000.0,0.58022565,6.03,9.045,8.045267489711934,1
AEE,Ameren Corporation,Utilities,27.2,12.9,9.1,5.3,Moderate Controversy Level,2.0,58th percentile,Medium,52.59,20.38,3.4404964,2.68,12905744906.0,2298000000.0,2.693119,1.79,2.685,5.096025860429739,1
AMZN,Amazon.com Inc,Consumer Cyclical,30.6,6.0,15.4,9.2,Significant Controversy Level,3.0,71st percentile,High,1350.5,296.16,0.0,6.16,685873374731.0,16132000000.0,3.927053,24.28,36.42,0.45612736023694933,1
MO,"Altria Group, Inc.",Consumer Defensive,31.3,6.1,17.6,7.6,Significant Controversy Level,3.0,74th percentile,High,64.05,18.89,3.9526875,5.31,126985101434.0,10773000000.0,4.945682,10.32,15.48,8.2903981264637,1
GOOG,Alphabet Inc. Class C,Communication Services,21.53372093023256,,,,,,,Medium,1001.52,40.29,0.0,22.27,728535558140.0,32714000000.0,6.772653,4.67,7.005,2.223620097451873,1
GOOGL,Alphabet Inc. Class A,Communication Services,24.2,1.6,11.2,11.5,High Controversy Level,4.0,46th percentile,Medium,1007.71,31.48,0.0,22.27,733823966137.0,34217000000.0,6.801692,4.7,7.050000000000001,2.2099611991545185,1
LNT,Alliant Energy Corporation,Utilities,21.4,8.5,6.6,6.3,None Controversy Level,,33rd percentile,Medium,37.14,19.86,3.5733333,1.65,8670163500.0,1168400000.0,3.4331481,2.13,3.195,4.44264943457189,1
ALLE,Allegion Public Limited Company,Industrials,21.8,10.9,5.8,5.0,None Controversy Level,,35th percentile,Medium,77.32,21.07,0.8004002,2.37,7599609494.0,531800000.0,4.265232,20.48,30.72,3.0651836523538543,1
ALGN,Align Technology Inc,Healthcare,21.53372093023256,,,,,,,Medium,220.71,56.59,0.0,2.84,18788041378.0,380326000.0,13.138819,16.44,24.660000000000004,1.2867563771464818,1
ARE,"Alexandria Real Estate Equities, Inc.",Real Estate,13.9,3.9,3.7,6.3,None Controversy Level,,9th percentile,Low,114.58,19.03,3.0262272,1.57,12043374429.0,0.0,10.492155,2.07,3.1049999999999995,1.3702216791761215,0
ALB,Albemarle Corporation,Basic Materials,26.6,15.4,4.8,6.3,Moderate Controversy Level,2.0,55th percentile,Medium,105.18,26.03,1.2004126,5.66,11782151266.0,686030000.0,5.3666205,2.98,4.47,5.381251188438867,1
AKAM,Akamai Technologies Inc,Technology,17.0,3.0,7.1,6.9,Low Controversy Level,1.0,17th percentile,Low,62.49,32.55,0.0,1.79,10906904066.0,789517000.0,5.8546524,3.25,4.875,2.864458313330133,0
APD,"Air Products & Chemicals, Inc.",Basic Materials,12.3,7.4,1.5,3.3,Low Controversy Level,1.0,5th percentile,Low,152.8,24.22,2.7811136,13.66,34638387128.0,2542500000.0,4.1163683,3.35,5.025,8.93979057591623,0
A,Agilent Technologies Inc.,Healthcare,13.6,1.1,6.4,6.1,Moderate Controversy Level,2.0,8th percentile,Low,65.05,27.45,0.8756979,2.1,21984606918.0,1094000000.0,6.493563,4.56,6.84,3.2282859338970025,0
AFL,Aflac Inc.,Financial Services,18.3,0.3,9.1,8.9,Low Controversy Level,1.0,22nd percentile,Low,83.25,12.24,2.4299066,11.01,33422948000.0,0.0,1.5429344,1.53,2.295,13.225225225225227,0
AES,Aes Corporation,Utilities,26.7,13.3,8.2,5.3,Moderate Controversy Level,2.0,56th percentile,Medium,10.06,9.96,4.961832,-1.72,6920851212.0,3001000000.0,0.65951383,2.2,3.3000000000000003,-17.09741550695825,1
AMD,Advanced Micro Devices,Technology,21.53372093023256,,,,,,,Medium,11.22,187.0,0.0,0.03,11191663795.0,339000000.0,2.1091955,21.47,32.205,0.267379679144385,1
ADBE,Adobe Inc.,Technology,13.1,1.9,6.0,5.2,Moderate Controversy Level,2.0,7th percentile,Low,185.16,52.31,0.0,3.39,94550214268.0,2538040000.0,13.092818,11.06,16.59,1.830848995463383,0
ACN,Accenture Plc,Technology,9.8,0.8,4.6,4.4,Moderate Controversy Level,2.0,3rd percentile,Negligible,150.51,25.47,1.7144699,5.44,98765855553.0,5643228000.0,2.604117,10.62,15.93,3.6143777822071628,0
ABBV,Abbvie Inc.,Healthcare,29.9,2.4,17.2,10.4,Significant Controversy Level,3.0,69th percentile,Medium,108.48,19.41,2.4995599,3.29,181386347059.0,10310000000.0,6.291571,26.14,39.21,3.032817109144543,1
ABT,Abbott Laboratories,Healthcare,24.8,2.3,14.2,8.3,Significant Controversy Level,3.0,48th percentile,Medium,56.27,22.51,1.9089824,0.26,102121042306.0,5744000000.0,3.7404804,3.19,4.785,0.4620579349564599,1
AOS,A.O. Smith Corporation,Industrials,25.4,7.2,11.9,6.4,Low Controversy Level,1.0,51st percentile,Medium,60.24,27.76,1.1479592,1.7,10783419933.0,601000000.0,3.5754826,6.35,9.524999999999999,2.8220451527224433,1
MMM,3m Company,Industrials,37.3,17.2,13.6,6.5,Severe Controversy Level,5.0,89th percentile,High,222.89,24.31,2.3328617,7.92,138721055226.0,9048000000.0,4.3902707,11.34,17.009999999999998,3.553322266588901,1
